<?xml version="1.0" encoding="utf-8"?>
<TEI.2 xmlns:html="http://www.w3.org/1999/xhtml">
  <teiHeader>
    <fileDesc>
      <titleStmt>
        <title>The Stylebear: XSL stylesheet maker</title>
        <author>Sebastian Rahtz</author>
      </titleStmt>
      <publicationStmt>
        <p/>
      </publicationStmt>
      <sourceDesc>
        <p/>
      </sourceDesc>
    </fileDesc>
    <revisionDesc>
      <change>
        <date>$Date: 2007-01-08 22:50:01 +0000 (Mon, 08 Jan 2007) $.</date>
        <respStmt>
          <name>$Author: rahtz $</name>
        </respStmt>
        <item>$Revision: 1964 $</item>
      </change>
    </revisionDesc>
  </teiHeader>
  <text>
    <body>
      <html:form encoding="utf-8" enctype="multipart/form-data" action="/tei-bin/stylebear" method="post" id="stylebear">
        <p>Make stylesheet for: 
    <html:select name="Version"><html:option value="teip4">TEI P4</html:option><html:option value="tei" selected="selected">TEI P5</html:option></html:select></p>
        <p>Location of XSL stylesheets:
 <html:input type="textbox" name="TEIXSL" size="48" value="http://www.tei-c.org/release/xml"/></p>
        <p>Name of output file:
 <html:input type="textbox" name="outputFile" value="myTei.xsl"/></p>
        <p>
          <hi>3: Standard page features</hi>
        </p>
        <p>
          <xref url="customize.xml.ID=links">Details of this section</xref>
        </p>
        <table>
          <row>
            <cell>
              <hi>department</hi>
            </cell>
            <cell>
              <input xmlns="http://www.w3.org/1999/xhtml" name="department" type="textbox" value="" size="12"/>
            </cell>
            <cell> Name of department within institution</cell>
          </row>
          <row>
            <cell>
              <hi>homeLabel</hi>
            </cell>
            <cell>
              <input xmlns="http://www.w3.org/1999/xhtml" name="homeLabel" type="textbox" value="Home" size="8"/>
            </cell>
            <cell> Name of link to home page of application</cell>
          </row>
          <row>
            <cell>
              <hi>homeURL</hi>
            </cell>
            <cell>
              <input xmlns="http://www.w3.org/1999/xhtml" name="homeURL" type="textbox" value="http://www.tei-c.org/" size="25"/>
            </cell>
            <cell>Project Home</cell>
          </row>
          <row>
            <cell>
              <hi>homeWords</hi>
            </cell>
            <cell>
              <input xmlns="http://www.w3.org/1999/xhtml" name="homeWords" type="textbox" value="TEI" size="7"/>
            </cell>
            <cell>Project</cell>
          </row>
          <row>
            <cell>
              <hi>institution</hi>
            </cell>
            <cell>
              <input xmlns="http://www.w3.org/1999/xhtml" name="institution" type="textbox" value="A TEI Project" size="17"/>
            </cell>
            <cell> Institution</cell>
          </row>
          <row>
            <cell>
              <hi>parentURL</hi>
            </cell>
            <cell>
              <input xmlns="http://www.w3.org/1999/xhtml" name="parentURL" type="textbox" value="http://www.tei-c.org/" size="25"/>
            </cell>
            <cell> Institution link</cell>
          </row>
          <row>
            <cell>
              <hi>parentWords</hi>
            </cell>
            <cell>
              <input xmlns="http://www.w3.org/1999/xhtml" name="parentWords" type="textbox" value="Parent Institution" size="22"/>
            </cell>
            <cell> Name of overall institution</cell>
          </row>
          <row>
            <cell>
              <hi>searchURL</hi>
            </cell>
            <cell>
              <input xmlns="http://www.w3.org/1999/xhtml" name="searchURL" type="textbox" value="http://www.google.com" size="25"/>
            </cell>
            <cell> Link to search application</cell>
          </row>
          <row>
            <cell>
              <hi>alignNavigationPanel</hi>
            </cell>
            <cell>
              <input xmlns="http://www.w3.org/1999/xhtml" name="alignNavigationPanel" type="textbox" value="right" size="9"/>
            </cell>
            <cell>
How to align the navigation panel at the bottom of the page
</cell>
          </row>
          <row>
            <cell>
              <hi>bottomNavigationPanel</hi>
            </cell>
            <cell>
              <input xmlns="http://www.w3.org/1999/xhtml" name="bottomNavigationPanel" type="checkbox" checked="checked" value="true"/>
            </cell>
            <cell>
Display navigation panel at bottom of pages
</cell>
          </row>
          <row>
            <cell>
              <hi>feedbackURL</hi>
            </cell>
            <cell>
              <input xmlns="http://www.w3.org/1999/xhtml" name="feedbackURL" type="textbox" value="mailto:feedback" size="19"/>
            </cell>
            <cell>
Link for feedback
</cell>
          </row>
          <row>
            <cell>
              <hi>htmlTitlePrefix</hi>
            </cell>
            <cell>
              <input xmlns="http://www.w3.org/1999/xhtml" name="htmlTitlePrefix" type="textbox" value="" size="12"/>
            </cell>
            <cell>
Fixed string to insert before normal page title in HTML meta
&lt;title&gt; element
</cell>
          </row>
          <row>
            <cell>
              <hi>linkPanel</hi>
            </cell>
            <cell>
              <input xmlns="http://www.w3.org/1999/xhtml" name="linkPanel" type="checkbox" checked="checked" value="true"/>
            </cell>
            <cell>
Make a panel with next page/previous page links</cell>
          </row>
        </table>
        <p>
          <hi>4: Layout</hi>
        </p>
        <p>
          <xref url="customize.xml.ID=layout">Details of this section</xref>
        </p>
        <table>
          <row>
            <cell>
              <hi>consecutiveFootnoteNumbers</hi>
            </cell>
            <cell>
              <input xmlns="http://www.w3.org/1999/xhtml" name="consecutiveFootnoteNumbers" type="checkbox" value="true"/>
            </cell>
            <cell>
Number footnotes consecutively
</cell>
          </row>
          <row>
            <cell>
              <hi>footnoteBackLink</hi>
            </cell>
            <cell>
              <input xmlns="http://www.w3.org/1999/xhtml" name="footnoteBackLink" type="checkbox" value="true"/>
            </cell>
            <cell>
Link back from footnotes to reference
</cell>
          </row>
          <row>
            <cell>
              <hi>columnHeader</hi>
            </cell>
            <cell>
              <textarea xmlns="http://www.w3.org/1999/xhtml" name="columnHeader" type="textarea" cols="40" rows="5">
</textarea>
            </cell>
            <cell> Banner for top of column</cell>
          </row>
          <row>
            <cell>
              <hi>contentStructure</hi>
            </cell>
            <cell>
              <input xmlns="http://www.w3.org/1999/xhtml" name="contentStructure" type="textbox" value="body" size="8"/>
            </cell>
            <cell>How to use the front/body/back matter in creating
columns.</cell>
          </row>
          <row>
            <cell>
              <hi>divOffset</hi>
            </cell>
            <cell>
              <input xmlns="http://www.w3.org/1999/xhtml" name="divOffset" type="textbox" value="2" size="4"/>
            </cell>
            <cell>The difference between TEI div levels and HTML.
headings.</cell>
          </row>
          <row>
            <cell>
              <hi>footnoteFile</hi>
            </cell>
            <cell>
              <input xmlns="http://www.w3.org/1999/xhtml" name="footnoteFile" type="checkbox" value="true"/>
            </cell>
            <cell>
Make a separate file for footnotes
</cell>
          </row>
          <row>
            <cell>
              <hi>hdr</hi>
            </cell>
            <cell>
              <textarea xmlns="http://www.w3.org/1999/xhtml" name="hdr" type="textarea" cols="40" rows="5">
&lt;xsl:call-template
 name="pageHeader"&gt;
&lt;xsl:with-param
 name="mode"/&gt;&lt;/xsl:call-template&gt;</textarea>
            </cell>
            <cell> Header section across top of page </cell>
          </row>
          <row>
            <cell>
              <hi>hdr2</hi>
            </cell>
            <cell>
              <textarea xmlns="http://www.w3.org/1999/xhtml" name="hdr2" type="textarea" cols="40" rows="5">
&lt;xsl:call-template
 name="navbar"/&gt;</textarea>
            </cell>
            <cell> Navigation bar </cell>
          </row>
          <row>
            <cell>
              <hi>preBreadCrumbPath</hi>
            </cell>
            <cell>
              <textarea xmlns="http://www.w3.org/1999/xhtml" name="preBreadCrumbPath" type="textarea" cols="40" rows="5"/>
            </cell>
            <cell> Text or action to take at the start of the
    breadcrumb trail </cell>
          </row>
          <row>
            <cell>
              <hi>hdr3</hi>
            </cell>
            <cell>
              <textarea xmlns="http://www.w3.org/1999/xhtml" name="hdr3" type="textarea" cols="40" rows="5">
&lt;a
 href="#rh-column"
 title="Go to main page content"
 class="skiplinks"&gt;Skip links&lt;/a&gt;
&lt;a
 class="hide"&gt;|&lt;/a&gt;
&lt;xsl:call-template
 name="crumbPath"/&gt;
&lt;a
 class="hide"&gt;|&lt;/a&gt;
&lt;a
 class="bannerright"
 href="{$parentURL}"
 title="Go to home page"&gt;
&lt;xsl:value-of
 select="$parentWords"/&gt;&lt;/a&gt;</textarea>
            </cell>
            <cell> Breadcrumb trail </cell>
          </row>
          <row>
            <cell>
              <hi>lh-col-bottom</hi>
            </cell>
            <cell>
              <textarea xmlns="http://www.w3.org/1999/xhtml" name="lh-col-bottom" type="textarea" cols="40" rows="5">
&lt;xsl:param
 name="currentID"/&gt;
&lt;xsl:call-template
 name="leftHandFrame"&gt;
&lt;xsl:with-param
 name="currentID"
 select="$currentID"/&gt;&lt;/xsl:call-template&gt;</textarea>
            </cell>
            <cell>Bottom of left-hand column</cell>
          </row>
          <row>
            <cell>
              <hi>lh-col-top</hi>
            </cell>
            <cell>
              <textarea xmlns="http://www.w3.org/1999/xhtml" name="lh-col-top" type="textarea" cols="40" rows="5">
&lt;xsl:call-template
 name="searchbox"/&gt;
&lt;xsl:call-template
 name="printLink"/&gt;</textarea>
            </cell>
            <cell>Top of left-hand column </cell>
          </row>
          <row>
            <cell>
              <hi>linksWidth</hi>
            </cell>
            <cell>
              <input xmlns="http://www.w3.org/1999/xhtml" name="linksWidth" type="textbox" value="15%" size="7"/>
            </cell>
            <cell>
Width of left-hand column when $pageLayout is "Table"
</cell>
          </row>
          <row>
            <cell>
              <hi>logoPicture</hi>
            </cell>
            <cell>
              <textarea xmlns="http://www.w3.org/1999/xhtml" name="logoPicture" type="textarea" cols="40" rows="5">
&lt;a
 class="framelogo"
 href="http://www.tei-c.org/Stylesheets/teic/"&gt;
&lt;img
 src="http://www.tei-c.org/Stylesheets/teic/teixsl.png"
 vspace="5"
 width="124"
 height="161"
 border="0"
 alt="created by TEI XSL Stylesheets"/&gt;&lt;/a&gt;</textarea>
            </cell>
            <cell> Logo</cell>
          </row>
          <row>
            <cell>
              <hi>metaHTML</hi>
            </cell>
            <cell>
              <textarea xmlns="http://www.w3.org/1999/xhtml" name="metaHTML" type="textarea" cols="40" rows="5">
&lt;xsl:param
 name="title"/&gt;
&lt;meta
 name="author"&gt;
&lt;xsl:attribute
 name="content"&gt;
&lt;xsl:call-template
 name="generateAuthor"/&gt;&lt;/xsl:attribute&gt;&lt;/meta&gt;
&lt;meta
 name="generator"
 content="Text Encoding Initiative Consortium XSLT stylesheets"/&gt;
&lt;meta
 name="DC.Title"
 content="{$title}"/&gt;
&lt;meta
 name="DC.Type"
 content="Text"/&gt;
&lt;meta
 name="DC.Format"
 content="text/html"/&gt;
&lt;meta
 http-equiv="Content-Type"
 content="text/html; charset={$outputEncoding}"/&gt;</textarea>
            </cell>
            <cell> Making elements in HTML &lt;head&gt;</cell>
          </row>
          <row>
            <cell>
              <hi>navbar</hi>
            </cell>
            <cell>
              <textarea xmlns="http://www.w3.org/1999/xhtml" name="navbar" type="textarea" cols="40" rows="5">
&lt;xsl:if
 test="not($navbarFile='')"&gt;
&lt;xsl:for-each
 select="document($navbarFile,document(''))"&gt;
&lt;xsl:for-each
 select="tei:list/tei:item"&gt;
&lt;span
 class="navbar"&gt;
&lt;a
 href="{$URLPREFIX}{tei:xref/@url}"
 class="navbar"&gt;
&lt;xsl:apply-templates
 select="tei:xref/text()"/&gt;&lt;/a&gt;&lt;/span&gt;
&lt;xsl:if
 test="following-sibling::tei:item"&gt;|&lt;/xsl:if&gt;&lt;/xsl:for-each&gt;&lt;/xsl:for-each&gt;&lt;/xsl:if&gt;</textarea>
            </cell>
            <cell> Construction of navigation bar </cell>
          </row>
          <row>
            <cell>
              <hi>navbarFile</hi>
            </cell>
            <cell>
              <input xmlns="http://www.w3.org/1999/xhtml" name="navbarFile" type="textbox" value="" size="4"/>
            </cell>
            <cell>XML resource defining a navigation bar.</cell>
          </row>
          <row>
            <cell>
              <hi>pageHeader</hi>
            </cell>
            <cell>
              <textarea xmlns="http://www.w3.org/1999/xhtml" name="pageHeader" type="textarea" cols="40" rows="5">
&lt;xsl:param
 name="mode"/&gt;
&lt;xsl:choose&gt;
&lt;xsl:when
 test="$mode='table'"&gt;
&lt;table
 width="100%"
 border="0"&gt;
&lt;tr&gt;
&lt;td
 height="98"
 class="bgimage"
 onclick="window.location='{$homeURL}'"
 cellpadding="0"&gt;
&lt;xsl:call-template
 name="makeHTMLHeading"&gt;
&lt;xsl:with-param
 name="class"&gt;subtitle&lt;/xsl:with-param&gt;
&lt;xsl:with-param
 name="text"&gt;
&lt;xsl:call-template
 name="generateSubTitle"/&gt;&lt;/xsl:with-param&gt;
&lt;xsl:with-param
 name="level"&gt;2&lt;/xsl:with-param&gt;&lt;/xsl:call-template&gt;
&lt;xsl:call-template
 name="makeHTMLHeading"&gt;
&lt;xsl:with-param
 name="class"&gt;title&lt;/xsl:with-param&gt;
&lt;xsl:with-param
 name="text"&gt;
&lt;xsl:call-template
 name="generateTitle"/&gt;&lt;/xsl:with-param&gt;
&lt;xsl:with-param
 name="level"&gt;1&lt;/xsl:with-param&gt;&lt;/xsl:call-template&gt;&lt;/td&gt;
&lt;td
 valign="top"/&gt;&lt;/tr&gt;&lt;/table&gt;&lt;/xsl:when&gt;
&lt;xsl:otherwise&gt;
&lt;xsl:call-template
 name="makeHTMLHeading"&gt;
&lt;xsl:with-param
 name="class"&gt;subtitle&lt;/xsl:with-param&gt;
&lt;xsl:with-param
 name="text"&gt;
&lt;xsl:call-template
 name="generateSubTitle"/&gt;&lt;/xsl:with-param&gt;
&lt;xsl:with-param
 name="level"&gt;2&lt;/xsl:with-param&gt;&lt;/xsl:call-template&gt;
&lt;xsl:call-template
 name="makeHTMLHeading"&gt;
&lt;xsl:with-param
 name="class"&gt;title&lt;/xsl:with-param&gt;
&lt;xsl:with-param
 name="text"&gt;
&lt;xsl:call-template
 name="generateTitle"/&gt;&lt;/xsl:with-param&gt;
&lt;xsl:with-param
 name="level"&gt;1&lt;/xsl:with-param&gt;&lt;/xsl:call-template&gt;&lt;/xsl:otherwise&gt;&lt;/xsl:choose&gt;</textarea>
            </cell>
            <cell> Banner for top of page</cell>
          </row>
          <row>
            <cell>
              <hi>rh-col-bottom</hi>
            </cell>
            <cell>
              <textarea xmlns="http://www.w3.org/1999/xhtml" name="rh-col-bottom" type="textarea" cols="40" rows="5">
&lt;xsl:param
 name="currentID"/&gt;
&lt;xsl:call-template
 name="mainFrame"&gt;
&lt;xsl:with-param
 name="currentID"
 select="$currentID"/&gt;&lt;/xsl:call-template&gt;</textarea>
            </cell>
            <cell> Bottom of right-hand column</cell>
          </row>
          <row>
            <cell>
              <hi>rh-col-top</hi>
            </cell>
            <cell>
              <textarea xmlns="http://www.w3.org/1999/xhtml" name="rh-col-top" type="textarea" cols="40" rows="5">
&lt;xsl:call-template
 name="columnHeader"/&gt;</textarea>
            </cell>
            <cell> Top of right-hand column</cell>
          </row>
          <row>
            <cell>
              <hi>searchbox</hi>
            </cell>
            <cell>
              <textarea xmlns="http://www.w3.org/1999/xhtml" name="searchbox" type="textarea" cols="40" rows="5"/>
            </cell>
            <cell> Make a search box</cell>
          </row>
          <row>
            <cell>
              <hi>singleFileLabel</hi>
            </cell>
            <cell>
              <textarea xmlns="http://www.w3.org/1999/xhtml" name="singleFileLabel" type="textarea" cols="40" rows="5">For Printing</textarea>
            </cell>
            <cell> Construct a label for the link which makes a
    printable version of the document.</cell>
          </row>
        </table>
        <p>
          <hi>5: Headings</hi>
        </p>
        <p>
          <xref url="customize.xml.ID=headings">Details of this section</xref>
        </p>
        <table>
          <row>
            <cell>
              <hi>autoHead</hi>
            </cell>
            <cell>
              <input xmlns="http://www.w3.org/1999/xhtml" name="autoHead" type="checkbox" value="true"/>
            </cell>
            <cell> Construct a heading 
    for &lt;div&gt; elements with no &lt;head&gt;</cell>
          </row>
          <row>
            <cell>
              <hi>autoMakeHead</hi>
            </cell>
            <cell>
              <textarea xmlns="http://www.w3.org/1999/xhtml" name="autoMakeHead" type="textarea" cols="40" rows="5">
&lt;xsl:choose&gt;
&lt;xsl:when
 test="tei:head"&gt;
&lt;xsl:apply-templates
 mode="plain"
 select="tei:head"/&gt;&lt;/xsl:when&gt;
&lt;xsl:when
 test="@type"&gt;
&lt;xsl:value-of
 select="@type"/&gt;&lt;/xsl:when&gt;
&lt;xsl:otherwise&gt;
&lt;xsl:text&gt; &lt;/xsl:text&gt;&lt;/xsl:otherwise&gt;&lt;/xsl:choose&gt;</textarea>
            </cell>
            <cell> How to make a heading for section if there is no
      &lt;head&gt;</cell>
          </row>
          <row>
            <cell>
              <hi>headingNumberSuffix</hi>
            </cell>
            <cell>
              <textarea xmlns="http://www.w3.org/1999/xhtml" name="headingNumberSuffix" type="textarea" cols="40" rows="5">
&lt;xsl:text&gt;.&lt;/xsl:text&gt;
&lt;xsl:value-of
 select="$numberSpacer"/&gt;</textarea>
            </cell>
            <cell> Punctuation to insert after a section
    number</cell>
          </row>
          <row>
            <cell>
              <hi>numberSpacer</hi>
            </cell>
            <cell>
              <input xmlns="http://www.w3.org/1999/xhtml" name="numberSpacer" type="textbox" value="&#10;&lt;xsl:text&gt;&lt;/xsl:text&gt;" size="26"/>
            </cell>
            <cell> Character to put after number of
    section header</cell>
          </row>
        </table>
        <p>
          <hi>6: Numbering</hi>
        </p>
        <p>
          <xref url="customize.xml.ID=numbering">Details of this section</xref>
        </p>
        <table>
          <row>
            <cell>
              <hi>numberBackDiv</hi>
            </cell>
            <cell>
              <textarea xmlns="http://www.w3.org/1999/xhtml" name="numberBackDiv" type="textarea" cols="40" rows="5">
&lt;xsl:if
 test="not($numberBackHeadings='')"&gt;
&lt;xsl:number
 count="tei:div|tei:div0|tei:div1|tei:div2|tei:div3|tei:div4|tei:div5|tei:div6"
 format="A.1.1.1.1.1"
 level="multiple"/&gt;&lt;/xsl:if&gt;</textarea>
            </cell>
            <cell> How to number sections in back matter</cell>
          </row>
          <row>
            <cell>
              <hi>numberBackFigures</hi>
            </cell>
            <cell>
              <input xmlns="http://www.w3.org/1999/xhtml" name="numberBackFigures" type="checkbox" value="true"/>
            </cell>
            <cell> Automatically number figures in back
    matter</cell>
          </row>
          <row>
            <cell>
              <hi>numberBackHeadings</hi>
            </cell>
            <cell>
              <input xmlns="http://www.w3.org/1999/xhtml" name="numberBackHeadings" type="textbox" value="A.1" size="7"/>
            </cell>
            <cell> How to construct heading numbering in
    back matter</cell>
          </row>
          <row>
            <cell>
              <hi>numberBackTables</hi>
            </cell>
            <cell>
              <input xmlns="http://www.w3.org/1999/xhtml" name="numberBackTables" type="checkbox" checked="checked" value="true"/>
            </cell>
            <cell> Automatically number tables in back
    matter</cell>
          </row>
          <row>
            <cell>
              <hi>numberBodyDiv</hi>
            </cell>
            <cell>
              <textarea xmlns="http://www.w3.org/1999/xhtml" name="numberBodyDiv" type="textarea" cols="40" rows="5">
&lt;xsl:if
 test="$numberHeadings='true'"&gt;
&lt;xsl:number
 count="tei:div|tei:div0|tei:div1|tei:div2|tei:div3|tei:div4|tei:div5|tei:div6"
 level="multiple"/&gt;&lt;/xsl:if&gt;</textarea>
            </cell>
            <cell> How to number sections in main matter</cell>
          </row>
          <row>
            <cell>
              <hi>numberBodyHeadings</hi>
            </cell>
            <cell>
              <input xmlns="http://www.w3.org/1999/xhtml" name="numberBodyHeadings" type="textbox" value="1.1.1.1" size="11"/>
            </cell>
            <cell> How to construct heading numbering in
    main matter</cell>
          </row>
          <row>
            <cell>
              <hi>numberFigures</hi>
            </cell>
            <cell>
              <input xmlns="http://www.w3.org/1999/xhtml" name="numberFigures" type="checkbox" checked="checked" value="true"/>
            </cell>
            <cell> Automatically number figures</cell>
          </row>
          <row>
            <cell>
              <hi>numberFrontDiv</hi>
            </cell>
            <cell>
              <textarea xmlns="http://www.w3.org/1999/xhtml" name="numberFrontDiv" type="textarea" cols="40" rows="5">
&lt;xsl:param
 name="minimal"/&gt;
&lt;xsl:number
 count="tei:div|tei:div0|tei:div1|tei:div2|tei:div3|tei:div4|tei:div5|tei:div6"
 level="multiple"/&gt;
&lt;xsl:if
 test="$minimal='false'"&gt;
&lt;xsl:value-of
 select="$numberSpacer"/&gt;&lt;/xsl:if&gt;</textarea>
            </cell>
            <cell> How to number sections in front matter</cell>
          </row>
          <row>
            <cell>
              <hi>numberFrontFigures</hi>
            </cell>
            <cell>
              <input xmlns="http://www.w3.org/1999/xhtml" name="numberFrontFigures" type="checkbox" value="true"/>
            </cell>
            <cell> Automatically number figures in
    front matter</cell>
          </row>
          <row>
            <cell>
              <hi>numberFrontHeadings</hi>
            </cell>
            <cell>
              <input xmlns="http://www.w3.org/1999/xhtml" name="numberFrontHeadings" type="textbox" value="" size="12"/>
            </cell>
            <cell> How to construct heading numbering in
    front matter</cell>
          </row>
          <row>
            <cell>
              <hi>numberFrontTables</hi>
            </cell>
            <cell>
              <input xmlns="http://www.w3.org/1999/xhtml" name="numberFrontTables" type="checkbox" checked="checked" value="true"/>
            </cell>
            <cell> Automatically number tables in front
    matter</cell>
          </row>
          <row>
            <cell>
              <hi>numberHeadings</hi>
            </cell>
            <cell>
              <input xmlns="http://www.w3.org/1999/xhtml" name="numberHeadings" type="checkbox" checked="checked" value="true"/>
            </cell>
            <cell> Automatically number sections</cell>
          </row>
          <row>
            <cell>
              <hi>numberHeadingsDepth</hi>
            </cell>
            <cell>
              <input xmlns="http://www.w3.org/1999/xhtml" name="numberHeadingsDepth" type="textbox" value="9" size="4"/>
            </cell>
            <cell> Depth to which sections should be
    numbered</cell>
          </row>
          <row>
            <cell>
              <hi>numberTables</hi>
            </cell>
            <cell>
              <input xmlns="http://www.w3.org/1999/xhtml" name="numberTables" type="checkbox" checked="checked" value="true"/>
            </cell>
            <cell> Automatically number tables</cell>
          </row>
          <row>
            <cell>
              <hi>prenumberedHeadings</hi>
            </cell>
            <cell>
              <input xmlns="http://www.w3.org/1999/xhtml" name="prenumberedHeadings" type="checkbox" value="true"/>
            </cell>
            <cell> Use value of "n" attribute to number
    sections</cell>
          </row>
          <row>
            <cell>
              <hi>numberParagraphs</hi>
            </cell>
            <cell>
              <input xmlns="http://www.w3.org/1999/xhtml" name="numberParagraphs" type="checkbox" value="true"/>
            </cell>
            <cell>
Automatically number paragraphs</cell>
          </row>
        </table>
        <p>
          <hi>7: Output</hi>
        </p>
        <p>
          <xref url="customize.xml.ID=output">Details of this section</xref>
        </p>
        <table>
          <row>
            <cell>
              <hi>REQUEST</hi>
            </cell>
            <cell>
              <input xmlns="http://www.w3.org/1999/xhtml" name="REQUEST" type="textbox" value="" size="12"/>
            </cell>
            <cell> The complete URL when the document is
    being delivered from a web server (normally set by Apache or Cocoon)</cell>
          </row>
          <row>
            <cell>
              <hi>STDOUT</hi>
            </cell>
            <cell>
              <input xmlns="http://www.w3.org/1999/xhtml" name="STDOUT" type="checkbox" checked="checked" value="true"/>
            </cell>
            <cell> Write to standard output channel</cell>
          </row>
          <row>
            <cell>
              <hi>ID</hi>
            </cell>
            <cell>
              <input xmlns="http://www.w3.org/1999/xhtml" name="ID" type="textbox" value="" size="12"/>
            </cell>
            <cell>
An ID passed to the stylesheet to indicate which section to display
</cell>
          </row>
          <row>
            <cell>
              <hi>URLPREFIX</hi>
            </cell>
            <cell>
              <input xmlns="http://www.w3.org/1999/xhtml" name="URLPREFIX" type="textbox" value="" size="12"/>
            </cell>
            <cell>
A path fragment to put before all internal URLs 
</cell>
          </row>
          <row>
            <cell>
              <hi>outputName</hi>
            </cell>
            <cell>
              <input xmlns="http://www.w3.org/1999/xhtml" name="outputName" type="textbox" value="" size="12"/>
            </cell>
            <cell>
The name of the output file
</cell>
          </row>
          <row>
            <cell>
              <hi>outputDir</hi>
            </cell>
            <cell>
              <input xmlns="http://www.w3.org/1999/xhtml" name="outputDir" type="textbox" value="" size="12"/>
            </cell>
            <cell>
Directory in which to place generated files</cell>
          </row>
          <row>
            <cell>
              <hi>outputEncoding</hi>
            </cell>
            <cell>
              <input xmlns="http://www.w3.org/1999/xhtml" name="outputEncoding" type="textbox" value="iso-8859-1" size="14"/>
            </cell>
            <cell>
Encoding of output file(s)</cell>
          </row>
          <row>
            <cell>
              <hi>outputMethod</hi>
            </cell>
            <cell>
              <input xmlns="http://www.w3.org/1999/xhtml" name="outputMethod" type="textbox" value="html" size="8"/>
            </cell>
            <cell>
Output method for output file(s)</cell>
          </row>
          <row>
            <cell>
              <hi>outputSuffix</hi>
            </cell>
            <cell>
              <input xmlns="http://www.w3.org/1999/xhtml" name="outputSuffix" type="textbox" value=".html" size="9"/>
            </cell>
            <cell>
Suffix of output file(s)</cell>
          </row>
          <row>
            <cell>
              <hi>doctypePublic</hi>
            </cell>
            <cell>
              <input xmlns="http://www.w3.org/1999/xhtml" name="doctypePublic" type="textbox" value="-//W3C//DTD HTML 4.0 Transitional//EN" size="41"/>
            </cell>
            <cell>
Public Doctype of output file(s)</cell>
          </row>
          <row>
            <cell>
              <hi>doctypeSystem</hi>
            </cell>
            <cell>
              <input xmlns="http://www.w3.org/1999/xhtml" name="doctypeSystem" type="textbox" value="http://www.w3.org/TR/html4/loose.dtd" size="40"/>
            </cell>
            <cell>
System Doctype of output file(s)</cell>
          </row>
          <row>
            <cell>
              <hi>pageLayout</hi>
            </cell>
            <cell>
              <input xmlns="http://www.w3.org/1999/xhtml" name="pageLayout" type="textbox" value="Simple" size="10"/>
            </cell>
            <cell>The style of HTML (Simple, CSS or Table) which creates the layout for generated pages.</cell>
          </row>
          <row>
            <cell>
              <hi>rawXML</hi>
            </cell>
            <cell>
              <input xmlns="http://www.w3.org/1999/xhtml" name="rawXML" type="checkbox" value="true"/>
            </cell>
            <cell>
Pass through input essentially unchanged
</cell>
          </row>
          <row>
            <cell>
              <hi>splitBackmatter</hi>
            </cell>
            <cell>
              <input xmlns="http://www.w3.org/1999/xhtml" name="splitBackmatter" type="checkbox" checked="checked" value="true"/>
            </cell>
            <cell>
Break back matter into separate HTML pages (if splitting enabled)</cell>
          </row>
          <row>
            <cell>
              <hi>splitFrontmatter</hi>
            </cell>
            <cell>
              <input xmlns="http://www.w3.org/1999/xhtml" name="splitFrontmatter" type="checkbox" checked="checked" value="true"/>
            </cell>
            <cell>
Break front matter into separate HTML pages (if splitting enabled)</cell>
          </row>
          <row>
            <cell>
              <hi>splitLevel</hi>
            </cell>
            <cell>
              <input xmlns="http://www.w3.org/1999/xhtml" name="splitLevel" type="textbox" value="-1" size="4"/>
            </cell>
            <cell>Level at which to split sections.</cell>
          </row>
          <row>
            <cell>
              <hi>standardSuffix</hi>
            </cell>
            <cell>
              <textarea xmlns="http://www.w3.org/1999/xhtml" name="standardSuffix" type="textarea" cols="40" rows="5">
&lt;xsl:choose&gt;
&lt;xsl:when
 test="$rawXML='true'"&gt;.xml&lt;/xsl:when&gt;
&lt;xsl:when
 test="tei:teiCorpus"&gt;.html&lt;/xsl:when&gt;
&lt;xsl:when
 test="$STDOUT='true'"/&gt;
&lt;xsl:otherwise&gt;
&lt;xsl:value-of
 select="$outputSuffix"/&gt;&lt;/xsl:otherwise&gt;&lt;/xsl:choose&gt;</textarea>
            </cell>
            <cell>
Suffix for generated output files</cell>
          </row>
          <row>
            <cell>
              <hi>topNavigationPanel</hi>
            </cell>
            <cell>
              <input xmlns="http://www.w3.org/1999/xhtml" name="topNavigationPanel" type="checkbox" checked="checked" value="true"/>
            </cell>
            <cell>
Display navigation panel at top of pages</cell>
          </row>
          <row>
            <cell>
              <hi>urlChunkPrefix</hi>
            </cell>
            <cell>
              <input xmlns="http://www.w3.org/1999/xhtml" name="urlChunkPrefix" type="textbox" value="?ID=" size="8"/>
            </cell>
            <cell>
How to specify infra-document links</cell>
          </row>
          <row>
            <cell>
              <hi>useIDs</hi>
            </cell>
            <cell>
              <input xmlns="http://www.w3.org/1999/xhtml" name="useIDs" type="checkbox" checked="checked" value="true"/>
            </cell>
            <cell>Construct links using existing ID values.</cell>
          </row>
          <row>
            <cell>
              <hi>virtualPages</hi>
            </cell>
            <cell>
              <input xmlns="http://www.w3.org/1999/xhtml" name="virtualPages" type="checkbox" value="true"/>
            </cell>
            <cell>
Whether to make split pages appear virtually
as layers in HTML, or physically as separate
pages or server requests</cell>
          </row>
          <row>
            <cell>
              <hi>xhtml</hi>
            </cell>
            <cell>
              <input xmlns="http://www.w3.org/1999/xhtml" name="xhtml" type="checkbox" value="true"/>
            </cell>
            <cell>
Make XHTML-compatible markup
</cell>
          </row>
        </table>
        <p>
          <hi>8: Table of contents generation</hi>
        </p>
        <p>
          <xref url="customize.xml.ID=toc">Details of this section</xref>
        </p>
        <table>
          <row>
            <cell>
              <hi>autoToc</hi>
            </cell>
            <cell>
              <input xmlns="http://www.w3.org/1999/xhtml" name="autoToc" type="checkbox" checked="checked" value="true"/>
            </cell>
            <cell>
Make an automatic table of contents
</cell>
          </row>
          <row>
            <cell>
              <hi>class_subtoc</hi>
            </cell>
            <cell>
              <input xmlns="http://www.w3.org/1999/xhtml" name="class_subtoc" type="textbox" value="subtoc" size="10"/>
            </cell>
            <cell>
CSS class for second-level TOC entries
</cell>
          </row>
          <row>
            <cell>
              <hi>subTocDepth</hi>
            </cell>
            <cell>
              <input xmlns="http://www.w3.org/1999/xhtml" name="subTocDepth" type="textbox" value="-1" size="4"/>
            </cell>
            <cell>Depth at which to stop doing a recursive table of
contents.</cell>
          </row>
          <row>
            <cell>
              <hi>tocBack</hi>
            </cell>
            <cell>
              <input xmlns="http://www.w3.org/1999/xhtml" name="tocBack" type="checkbox" checked="checked" value="true"/>
            </cell>
            <cell>
Include the back matter in the table of contents</cell>
          </row>
          <row>
            <cell>
              <hi>tocDepth</hi>
            </cell>
            <cell>
              <input xmlns="http://www.w3.org/1999/xhtml" name="tocDepth" type="textbox" value="5" size="5"/>
            </cell>
            <cell>
Depth to which table of contents is constructed</cell>
          </row>
          <row>
            <cell>
              <hi>tocFront</hi>
            </cell>
            <cell>
              <input xmlns="http://www.w3.org/1999/xhtml" name="tocFront" type="checkbox" checked="checked" value="true"/>
            </cell>
            <cell>
Include the front matter in the table of contents</cell>
          </row>
          <row>
            <cell>
              <hi>tocElement</hi>
            </cell>
            <cell>
              <input xmlns="http://www.w3.org/1999/xhtml" name="tocElement" type="textbox" value="p" size="5"/>
            </cell>
            <cell>
Which HTML element to wrap each TOCs entry in</cell>
          </row>
          <row>
            <cell>
              <hi>tocContainerElement</hi>
            </cell>
            <cell>
              <input xmlns="http://www.w3.org/1999/xhtml" name="tocContainerElement" type="textbox" value="div" size="7"/>
            </cell>
            <cell>
Which HTML element to wrap each TOC sections in</cell>
          </row>
          <row>
            <cell>
              <hi>refDocFooterText</hi>
            </cell>
            <cell>
              <input xmlns="http://www.w3.org/1999/xhtml" name="refDocFooterText" type="textbox" value="TEI Guidelines" size="18"/>
            </cell>
            <cell>
Text to link back to from foot of ODD reference pages
  </cell>
          </row>
          <row>
            <cell>
              <hi>refDocFooterURL</hi>
            </cell>
            <cell>
              <input xmlns="http://www.w3.org/1999/xhtml" name="refDocFooterURL" type="textbox" value="index.html" size="14"/>
            </cell>
            <cell>
URL to link back to from foot of ODD reference pages
  </cell>
          </row>
        </table>
        <p>
          <hi>9: Internationalization</hi>
        </p>
        <p>
          <xref url="customize.xml.ID=i18n">Details of this section</xref>
        </p>
        <table>
          <row>
            <cell>
              <hi>copyrightStatement</hi>
            </cell>
            <cell>
              <textarea xmlns="http://www.w3.org/1999/xhtml" name="copyrightStatement" type="textarea" cols="40" rows="5">This page is copyrighted</textarea>
            </cell>
            <cell> Make a copyright claim</cell>
          </row>
        </table>
        <p>
          <hi>10: CSS</hi>
        </p>
        <p>
          <xref url="customize.xml.ID=CSS">Details of this section</xref>
        </p>
        <table>
          <row>
            <cell>
              <hi>class_toc</hi>
            </cell>
            <cell>
              <input xmlns="http://www.w3.org/1999/xhtml" name="class_toc" type="textbox" value="toc" size="7"/>
            </cell>
            <cell>CSS class for TOC entries</cell>
          </row>
          <row>
            <cell>
              <hi>class_ptr</hi>
            </cell>
            <cell>
              <input xmlns="http://www.w3.org/1999/xhtml" name="class_ptr" type="textbox" value="ptr" size="7"/>
            </cell>
            <cell>
CSS class for links derived from &lt;ptr&gt;
</cell>
          </row>
          <row>
            <cell>
              <hi>class_ref</hi>
            </cell>
            <cell>
              <input xmlns="http://www.w3.org/1999/xhtml" name="class_ref" type="textbox" value="ref" size="7"/>
            </cell>
            <cell>
CSS class for links derived from &lt;ref&gt;
</cell>
          </row>
          <row>
            <cell>
              <hi>class_xptr</hi>
            </cell>
            <cell>
              <input xmlns="http://www.w3.org/1999/xhtml" name="class_xptr" type="textbox" value="xptr" size="8"/>
            </cell>
            <cell>
CSS class for links derived from &lt;xptr&gt;
</cell>
          </row>
          <row>
            <cell>
              <hi>class_xref</hi>
            </cell>
            <cell>
              <input xmlns="http://www.w3.org/1999/xhtml" name="class_xref" type="textbox" value="xref" size="8"/>
            </cell>
            <cell>
CSS class for links derived from &lt;xref&gt;
</cell>
          </row>
          <row>
            <cell>
              <hi>cssFile</hi>
            </cell>
            <cell>
              <textarea xmlns="http://www.w3.org/1999/xhtml" name="cssFile" type="textarea" cols="40" rows="5">http://www.tei-c.org/release/xml/tei/stylesheet/tei.css</textarea>
            </cell>
            <cell>
CSS style file to be associated with output file(s)
</cell>
          </row>
          <row>
            <cell>
              <hi>cssPrintFile</hi>
            </cell>
            <cell>
              <input xmlns="http://www.w3.org/1999/xhtml" name="cssPrintFile" type="textbox" value="" size="4"/>
            </cell>
            <cell>
Secondary CSS style file; this will be given a media=screen attribute,
so that it does not affect printing</cell>
          </row>
          <row>
            <cell>
              <hi>cssSecondaryFile</hi>
            </cell>
            <cell>
              <input xmlns="http://www.w3.org/1999/xhtml" name="cssSecondaryFile" type="textbox" value="" size="4"/>
            </cell>
            <cell>
CSS style file for print; this will be given a media=print attribute</cell>
          </row>
        </table>
        <p>
          <hi>11: Tables</hi>
        </p>
        <p>
          <xref url="customize.xml.ID=tables">Details of this section</xref>
        </p>
        <table>
          <row>
            <cell>
              <hi>cellAlign</hi>
            </cell>
            <cell>
              <input xmlns="http://www.w3.org/1999/xhtml" name="cellAlign" type="textbox" value="left" size="8"/>
            </cell>
            <cell> Default alignment of table cells</cell>
          </row>
          <row>
            <cell>
              <hi>tableAlign</hi>
            </cell>
            <cell>
              <input xmlns="http://www.w3.org/1999/xhtml" name="tableAlign" type="textbox" value="table" size="9"/>
            </cell>
            <cell> Default alignment of tables</cell>
          </row>
        </table>
        <p>
          <hi>12: Figures and graphics</hi>
        </p>
        <p>
          <xref url="customize.xml.ID=figures">Details of this section</xref>
        </p>
        <table>
          <row>
            <cell>
              <hi>graphicsPrefix</hi>
            </cell>
            <cell>
              <input xmlns="http://www.w3.org/1999/xhtml" name="graphicsPrefix" type="textbox" value="" size="12"/>
            </cell>
            <cell>Directory specification to put before names of graphics files,
      unless they start with "./"</cell>
          </row>
          <row>
            <cell>
              <hi>graphicsSuffix</hi>
            </cell>
            <cell>
              <input xmlns="http://www.w3.org/1999/xhtml" name="graphicsSuffix" type="textbox" value=".png" size="8"/>
            </cell>
            <cell> Default file suffix for graphics files,
    if not directly specified</cell>
          </row>
          <row>
            <cell>
              <hi>standardScale</hi>
            </cell>
            <cell>
              <input xmlns="http://www.w3.org/1999/xhtml" name="standardScale" type="textbox" value="1"/>
            </cell>
            <cell> Scaling of imported graphics</cell>
          </row>
          <row>
            <cell>
              <hi>dpi</hi>
            </cell>
            <cell>
              <input xmlns="http://www.w3.org/1999/xhtml" name="dpi" type="textbox" value="96" size="4"/>
            </cell>
            <cell>
Resolution of images</cell>
          </row>
          <row>
            <cell>
              <hi>showFigures</hi>
            </cell>
            <cell>
              <input xmlns="http://www.w3.org/1999/xhtml" name="showFigures" type="checkbox" checked="checked" value="true"/>
            </cell>
            <cell>
Display figures</cell>
          </row>
        </table>
        <p>
          <hi>13: Style</hi>
        </p>
        <p>
          <xref url="customize.xml.ID=style">Details of this section</xref>
        </p>
        <table>
          <row>
            <cell>
              <hi>pagebreakStyle</hi>
            </cell>
            <cell>
              <input xmlns="http://www.w3.org/1999/xhtml" name="pagebreakStyle" type="textbox" value="none" size="8"/>
            </cell>
            <cell> Display of &lt;pb&gt; element</cell>
          </row>
          <row>
            <cell>
              <hi>displayMode</hi>
            </cell>
            <cell>
              <input xmlns="http://www.w3.org/1999/xhtml" name="displayMode" type="textbox" value="rnc" size="7"/>
            </cell>
            <cell> How to display Relax NG schema fragments
    (rnc or rng)</cell>
          </row>
          <row>
            <cell>
              <hi>minimalCrossRef</hi>
            </cell>
            <cell>
              <input xmlns="http://www.w3.org/1999/xhtml" name="minimalCrossRef" type="checkbox" value="true"/>
            </cell>
            <cell> Provide minimal context for a link</cell>
          </row>
          <row>
            <cell>
              <hi>postQuote</hi>
            </cell>
            <cell>
              <input xmlns="http://www.w3.org/1999/xhtml" name="postQuote" type="textbox" value="’" size="5"/>
            </cell>
            <cell> Character to insert at end of quote</cell>
          </row>
          <row>
            <cell>
              <hi>preQuote</hi>
            </cell>
            <cell>
              <input xmlns="http://www.w3.org/1999/xhtml" name="preQuote" type="textbox" value="‘" size="5"/>
            </cell>
            <cell> Character to insert at start of quote</cell>
          </row>
          <row>
            <cell>
              <hi>urlMarkup</hi>
            </cell>
            <cell>
              <input xmlns="http://www.w3.org/1999/xhtml" name="urlMarkup" type="textbox" value="span" size="8"/>
            </cell>
            <cell>
HTML element to put around visible text of display URLs
</cell>
          </row>
        </table>
        <p>
          <hi>14: Hooks</hi>
        </p>
        <p>
          <xref url="customize.xml.ID=hook">Details of this section</xref>
        </p>
        <table>
          <row>
            <cell>
              <hi>sectionHeadHook</hi>
            </cell>
            <cell>
              <textarea xmlns="http://www.w3.org/1999/xhtml" name="sectionHeadHook" type="textarea" cols="40" rows="5"/>
            </cell>
            <cell> Hook where actions can be inserted when making
     a heading</cell>
          </row>
          <row>
            <cell>
              <hi>bodyHook</hi>
            </cell>
            <cell>
              <textarea xmlns="http://www.w3.org/1999/xhtml" name="bodyHook" type="textarea" cols="40" rows="5"/>
            </cell>
            <cell> Hook where HTML can be inserted just after &lt;body&gt;</cell>
          </row>
          <row>
            <cell>
              <hi>bodyEndHook</hi>
            </cell>
            <cell>
              <textarea xmlns="http://www.w3.org/1999/xhtml" name="bodyEndHook" type="textarea" cols="40" rows="5"/>
            </cell>
            <cell> Hook where HTML can be inserted just before the
    &lt;body&gt; ends.</cell>
          </row>
          <row>
            <cell>
              <hi>bodyJavascriptHook</hi>
            </cell>
            <cell>
              <textarea xmlns="http://www.w3.org/1999/xhtml" name="bodyJavascriptHook" type="textarea" cols="40" rows="5"/>
            </cell>
            <cell> Hook where Javascript calls can be inserted  just after &lt;body&gt;</cell>
          </row>
          <row>
            <cell>
              <hi>cssHook</hi>
            </cell>
            <cell>
              <textarea xmlns="http://www.w3.org/1999/xhtml" name="cssHook" type="textarea" cols="40" rows="5"/>
            </cell>
            <cell> Hook where extra CSS can be inserted</cell>
          </row>
          <row>
            <cell>
              <hi>headHook</hi>
            </cell>
            <cell>
              <textarea xmlns="http://www.w3.org/1999/xhtml" name="headHook" type="textarea" cols="40" rows="5"/>
            </cell>
            <cell> Hook where code can be added to the HTML &lt;head&gt;.</cell>
          </row>
          <row>
            <cell>
              <hi>imgHook</hi>
            </cell>
            <cell>
              <textarea xmlns="http://www.w3.org/1999/xhtml" name="imgHook" type="textarea" cols="40" rows="5"/>
            </cell>
            <cell> Hook where HTML can be inserted when creating an &lt;img&gt;</cell>
          </row>
          <row>
            <cell>
              <hi>figureHook</hi>
            </cell>
            <cell>
              <textarea xmlns="http://www.w3.org/1999/xhtml" name="figureHook" type="textarea" cols="40" rows="5"/>
            </cell>
            <cell> Hook where HTML can be inserted when processing a
    figure</cell>
          </row>
          <row>
            <cell>
              <hi>javascriptHook</hi>
            </cell>
            <cell>
              <textarea xmlns="http://www.w3.org/1999/xhtml" name="javascriptHook" type="textarea" cols="40" rows="5"/>
            </cell>
            <cell> Hook where extra Javascript functions can be defined</cell>
          </row>
          <row>
            <cell>
              <hi>preAddressHook</hi>
            </cell>
            <cell>
              <textarea xmlns="http://www.w3.org/1999/xhtml" name="preAddressHook" type="textarea" cols="40" rows="5"/>
            </cell>
            <cell> Hook where HTML can be inserted just before the &lt;address&gt;</cell>
          </row>
          <row>
            <cell>
              <hi>startDivHook</hi>
            </cell>
            <cell>
              <textarea xmlns="http://www.w3.org/1999/xhtml" name="startDivHook" type="textarea" cols="40" rows="5"/>
            </cell>
            <cell> Hook where HTML can be inserted at the start of
    processing each section</cell>
          </row>
          <row>
            <cell>
              <hi>startHook</hi>
            </cell>
            <cell>
              <textarea xmlns="http://www.w3.org/1999/xhtml" name="startHook" type="textarea" cols="40" rows="5"/>
            </cell>
            <cell> Hook where HTML can be inserted at the beginning
    of the main text, after the header</cell>
          </row>
          <row>
            <cell>
              <hi>teiEndHook</hi>
            </cell>
            <cell>
              <textarea xmlns="http://www.w3.org/1999/xhtml" name="teiEndHook" type="textarea" cols="40" rows="5"/>
            </cell>
            <cell> Hook where HTML can be inserted after processing &lt;TEI&gt;</cell>
          </row>
          <row>
            <cell>
              <hi>teiStartHook</hi>
            </cell>
            <cell>
              <textarea xmlns="http://www.w3.org/1999/xhtml" name="teiStartHook" type="textarea" cols="40" rows="5"/>
            </cell>
            <cell> Hook where HTML can be inserted before processing &lt;TEI&gt;</cell>
          </row>
          <row>
            <cell>
              <hi>xrefHook</hi>
            </cell>
            <cell>
              <textarea xmlns="http://www.w3.org/1999/xhtml" name="xrefHook" type="textarea" cols="40" rows="5"/>
            </cell>
            <cell> Hook where HTML can be inserted when creating an
    &lt;a&gt; element</cell>
          </row>
          <row>
            <cell>
              <hi>egXMLStartHook</hi>
            </cell>
            <cell>
              <textarea xmlns="http://www.w3.org/1999/xhtml" name="egXMLStartHook" type="textarea" cols="40" rows="5"/>
            </cell>
            <cell> Hooks where HTML can be inserted when processing
    &lt;egXML&gt; element</cell>
          </row>
        </table>
        <p>
          <hi>15: Miscellaneous and advanced</hi>
        </p>
        <p>
          <xref url="customize.xml.ID=misc">Details of this section</xref>
        </p>
        <table>
          <row>
            <cell>
              <hi>teixslHome</hi>
            </cell>
            <cell>
              <input xmlns="http://www.w3.org/1999/xhtml" name="teixslHome" type="textbox" value="http://www.tei-c.org/Stylesheets/teic/" size="42"/>
            </cell>
            <cell> The home page for these stylesheets</cell>
          </row>
          <row>
            <cell>
              <hi>teiP4Compat</hi>
            </cell>
            <cell>
              <input xmlns="http://www.w3.org/1999/xhtml" name="teiP4Compat" type="checkbox" value="true"/>
            </cell>
            <cell> Process elements according to assumptions
    of TEI P4</cell>
          </row>
          <row>
            <cell>
              <hi>useHeaderFrontMatter</hi>
            </cell>
            <cell>
              <input xmlns="http://www.w3.org/1999/xhtml" name="useHeaderFrontMatter" type="checkbox" value="true"/>
            </cell>
            <cell> Title, author and date is taken from the
    &lt;teiHeader&gt; rather than looked for in the front matter</cell>
          </row>
          <row>
            <cell>
              <hi>generateParagraphIDs</hi>
            </cell>
            <cell>
              <input xmlns="http://www.w3.org/1999/xhtml" name="generateParagraphIDs" type="checkbox" checked="checked" value="true"/>
            </cell>
            <cell>
Generate a unique ID for all paragraphs
</cell>
          </row>
          <row>
            <cell>
              <hi>rendSeparator</hi>
            </cell>
            <cell>
              <input xmlns="http://www.w3.org/1999/xhtml" name="rendSeparator" type="textbox" value=";" size="5"/>
            </cell>
            <cell>Character separating values in a rend attribute.</cell>
          </row>
          <row>
            <cell>
              <hi>showTitleAuthor</hi>
            </cell>
            <cell>
              <input xmlns="http://www.w3.org/1999/xhtml" name="showTitleAuthor" type="checkbox" value="true"/>
            </cell>
            <cell>
Show a title and author at start of document
</cell>
          </row>
          <row>
            <cell>
              <hi>verbose</hi>
            </cell>
            <cell>
              <input xmlns="http://www.w3.org/1999/xhtml" name="verbose" type="checkbox" value="true"/>
            </cell>
            <cell>
Be talkative while working</cell>
          </row>
        </table>
        <p>
          <hi>Time to work!</hi>
        </p>
        <list>
          <item>
            <html:input value="Submit" type="submit"/>
          </item>
          <item>
            <html:input value="Reset" type="reset"/>
          </item>
        </list>
      </html:form>
    </body>
  </text>
</TEI.2>
