<?xml version="1.0" encoding="utf-8"?>
<!-- interface translations for TEI XSL stylesheets -->
<i18n>
  <codes>
    <code xml:lang="ru">
      <desc>Russian</desc>
      <name>Ivan A Derzhanski</name>
      <email>iad@math.bas.bg</email>
    </code>
    <code xml:lang="tr">
      <desc>Turkish</desc>
      <name>Ivan A Derzhanski</name>
      <email>iad@math.bas.bg</email>
    </code>
    <code xml:lang="el">
      <desc>Greek</desc>
      <name>Ivan A Derzhanski</name>
      <email>iad@math.bas.bg</email>
    </code>
    <code xml:lang="bg">
      <desc>Bulgarian</desc>
      <name>Ivan A Derzhanski</name>
      <email>iad@math.bas.bg</email>
    </code>
    <code xml:lang="nl">
      <desc>Dutch</desc>
      <name>Bert Van Elsacker</name>
      <email>bertvanelsacker@yahoo.com</email>
    </code>
    <code xml:lang="de">
      <desc>German</desc>
      <name>Christian Wittern, Torsten Schassan </name>
      <email>wittern@kanji.zinbun.kyoto-u.ac.jp,schassan@hab.de</email>
    </code>
    <code xml:lang="ja">
      <desc>Japanese</desc>
      <name>Christian Wittern and Ohya Kazushi</name>
      <email>wittern@kanji.zinbun.kyoto-u.ac.jp,ohyakazushi@gmail.com</email>
    </code>
    <code xml:lang="ro">
      <desc>Romanian</desc>
      <name>Adrian Dimulescu</name>
      <email>adrian.dimulescu@free.fr</email>
    </code>
    <code xml:lang="fr">
      <desc>French</desc>
      <name>Laurent Romary</name>
      <email>Laurent.Romary@loria.fr</email>
    </code>
    <code xml:lang="pt">
      <desc>Portuguese</desc>
      <name>Leonor Barroca</name>
      <email>l.barroca@open.ac.uk</email>
    </code>
    <code xml:lang="es">
      <desc>Spanish</desc>
      <name>Carmen Arronis Llopis</name>
      <email>arronis@ua.es</email>
    </code>
    <code xml:lang="it">
      <desc>Italian</desc>
      <name>Fabio Ciotti</name>
      <email>fabio.ciott@uniroma1.it</email>
    </code>
    <code xml:lang="slv">
      <desc>Slovenian</desc>
      <name>Matija Ogrin</name>
      <email>matija.ogrin@zrc-sazu.si</email>
    </code>
    <code xml:lang="pl">
      <desc>Polish</desc>
      <name>Radosław Moszczyński</name>
      <email>r.moszczynski@uw.edu.pl</email>
    </code>
    <code xml:lang="sv">
      <desc>Swedish</desc>
      <name>Monica Langerth Zetterman and Matthew Zimmerman</name>
      <email>monica.langerth@ped.uu.se,matthew.zimmerman@nyu.edu</email>
    </code>
    <code xml:lang="no">
      <desc>Norwegian</desc>
      <name>Øyvind Eide</name>
      <email>oyvind.eide@muspro.uio.no</email>
    </code>
    <code xml:lang="zh-tw">
      <desc>Chinese</desc>
      <name>Marcus Bingenheimer</name>
      <email>m.bingenheimer@gmail.com</email>
    </code>
    <code xml:lang="sr">
      <desc>Serbian</desc>
      <name>Cvetana Krstev</name>
      <email>cvetana@poincare.matf.bg.ac.yu</email>
    </code>
    <code xml:lang="hi">
      <desc>Hindi</desc>
      <name>Paul Richards</name>
      <email>paul.richards@ugs.com</email>
    </code>
    <code xml:lang="th">
      <desc>Thai</desc>
      <name>Mananya Patamasoontorn</name>
      <email>mananyap@hotmail.com</email>
    </code>
    <code xml:lang="ca">
      <desc>Catalan</desc>
      <name>Mikel L. Forcada</name>
      <email>mlf@dlsi.ua.es</email>
    </code>
  </codes>
  <entry>
    <key>TEI</key>
    <text xml:lang="en">Text Encoding Initiative</text>
    <text xml:lang="de">Text Encoding Initiative</text>
    <text xml:lang="ro">Iniţiativa de Codificare a Textului</text>
    <text xml:lang="pt">Iniciativa de Codificação de Texto</text>
    <text xml:lang="es">Iniciativa de Codificación de Textos</text>
    <text xml:lang="it">Text Encoding Initiative</text>
    <text xml:lang="sv">Text Encoding Initiative</text>
    <text xml:lang="no">Text Encoding Initiative</text>
    <text xml:lang="sr">Podsticaj obeležavanju teksta</text>
    <text xml:lang="pl">Inicjatywa Kodowania Tekstów</text>
    <text xml:lang="hi">viShaya anuvAda prathama kAryavAhI</text>
    <text xml:lang="th">รหัสวิชา</text>
    <text xml:lang="nl">Tekstcoderingsinitiatief</text>
    <text xml:lang="ru">Инициатива по кодированию текстов</text>
    <text xml:lang="tr">Metin Kodlaması Girişimi</text>
    <text xml:lang="bg">Инициатива за кодиране на текстове</text>
    <text xml:lang="el">Πρωτοβουλία για την Κωδικοποίησης Κειμενών</text>
    <text xml:lang="ca">Iniciativa de Codificació de Textos</text>
  </entry>
  <entry>
    <key>Attributes</key>
    <text xml:lang="en">Attributes</text>
    <text xml:lang="de">Attribute</text>
    <text xml:lang="ro">Atribute</text>
    <text xml:lang="fr">Attributs</text>
    <text xml:lang="pt">Atributos</text>
    <text xml:lang="es">Atributos</text>
    <text xml:lang="it">Attributi</text>
    <text xml:lang="slv">Atributi</text>
    <text xml:lang="sv">Attribut</text>
    <text xml:lang="no">Attributt</text>
    <text xml:lang="zh-tw">屬性</text>
    <text xml:lang="sr">Atributi</text>
    <text xml:lang="ja">属性</text>
    <text xml:lang="pl">Atrybuty</text>
    <text xml:lang="hi">guNa</text>
    <text xml:lang="th">คุณสมบัติ</text>
    <text xml:lang="nl">Attributen</text>
    <text xml:lang="ru">Атрибуты</text>
    <text xml:lang="tr">Öznitelikler</text>
    <text xml:lang="bg">Атрибути</text>
    <text xml:lang="el">Χαρακτηριστικά</text>
    <text xml:lang="ca">Atributs</text>
  </entry>
  <entry>
    <key>Class</key>
    <text xml:lang="en">Class</text>
    <text xml:lang="de">Klasse</text>
    <text xml:lang="ro">Clasă</text>
    <text xml:lang="fr">Classe</text>
    <text xml:lang="pt">Classe</text>
    <text xml:lang="es">Clase</text>
    <text xml:lang="it">Classe</text>
    <text xml:lang="slv">Razred</text>
    <text xml:lang="sv">Klass</text>
    <text xml:lang="no">Klasse</text>
    <text xml:lang="zh-tw">分類</text>
    <text xml:lang="sr">Klasa</text>
    <text xml:lang="ja">クラス</text>
    <text xml:lang="pl">Klasa</text>
    <text xml:lang="hi">shreNI</text>
    <text xml:lang="th">ชั้นเรียน</text>
    <text xml:lang="nl">Klasse</text>
    <text xml:lang="ru">Класс</text>
    <text xml:lang="tr">Sınıf</text>
    <text xml:lang="bg">Клас</text>
    <text xml:lang="el">Κλάση</text>
    <text xml:lang="ca">Classe</text>
  </entry>
  <entry>
    <key>Classes defined</key>
    <text xml:lang="en">Classes defined</text>
    <text xml:lang="de">Definierte Klassen</text>
    <text xml:lang="ro">Clase definite</text>
    <text xml:lang="fr">Classes définies</text>
    <text xml:lang="pt">Classes definidas</text>
    <text xml:lang="es">Clases definidas</text>
    <text xml:lang="it">Classi definite</text>
    <text xml:lang="slv">Definirani razredi</text>
    <text xml:lang="sv">Definierade klasser</text>
    <text xml:lang="no">Definerte klasser klasser</text>
    <text xml:lang="zh-tw">被定義的分類</text>
    <text xml:lang="sr">Definisane klase</text>
    <text xml:lang="ja">定義済みクラス</text>
    <text xml:lang="pl">Zdefiniowane klasy</text>
    <text xml:lang="hi">Paribashith shreNI</text>
    <text xml:lang="th">หมายเลขชั้นเรียน</text>
    <text xml:lang="nl">Gedefinieerde klassen</text>
    <text xml:lang="ru">Описанные классы</text>
    <text xml:lang="tr">Tanımlı sınıflar</text>
    <text xml:lang="bg">Описани класове</text>
    <text xml:lang="el">Οριζόμενες κλάσες</text>
    <text xml:lang="ca">Classes definides</text>
  </entry>
  <entry>
    <key>Datatype</key>
    <text xml:lang="en">Datatype</text>
    <text xml:lang="de">Datentyp</text>
    <text xml:lang="ro">Tipuri de date</text>
    <text xml:lang="fr">Type de données</text>
    <text xml:lang="pt">Tipo de Dados</text>
    <text xml:lang="es">Tipo de datos</text>
    <text xml:lang="it">Tipo di dati</text>
    <text xml:lang="slv">Podatkovni tip</text>
    <text xml:lang="sv">Datatyp</text>
    <text xml:lang="no">Datatype</text>
    <text xml:lang="zh-tw">資料類型</text>
    <text xml:lang="sr">Podatkovni tip</text>
    <text xml:lang="ja">データ型</text>
    <text xml:lang="pl">Typ danych</text>
    <text xml:lang="hi">NirDishta varga</text>
    <text xml:lang="th">ชนิดของข้อมูล</text>
    <text xml:lang="nl">Datatype</text>
    <text xml:lang="ru">Тип данных</text>
    <text xml:lang="tr">Veri Türü</text>
    <text xml:lang="bg">Тип данни</text>
    <text xml:lang="el">Τύπος δεδομένων</text>
    <text xml:lang="ca">Tipus de dades</text>
  </entry>
  <entry>
    <key>Declaration</key>
    <text xml:lang="en">Declaration</text>
    <text xml:lang="de">Deklaration</text>
    <text xml:lang="ro">Declaraţie</text>
    <text xml:lang="fr">Declaration</text>
    <text xml:lang="pt">Declaração</text>
    <text xml:lang="es">Declaración</text>
    <text xml:lang="it">Dichiarazione</text>
    <text xml:lang="slv">Deklaracija</text>
    <text xml:lang="sv">Deklaration</text>
    <text xml:lang="no">Deklarasjon</text>
    <text xml:lang="zh-tw">宣告</text>
    <text xml:lang="sr">Deklaracija</text>
    <text xml:lang="ja">宣言</text>
    <text xml:lang="pl">Deklaracja</text>
    <text xml:lang="hi">ghoShaNA</text>
    <text xml:lang="th">คำประกาศ</text>
    <text xml:lang="nl">Declaratie</text>
    <text xml:lang="ru">Описание</text>
    <text xml:lang="tr">Bildirim</text>
    <text xml:lang="bg">Декларация</text>
    <text xml:lang="el">Δήλωση</text>
    <text xml:lang="ca">Declaració</text>
  </entry>
  <entry>
    <key>Default</key>
    <text xml:lang="en">Default</text>
    <text xml:lang="de">Vorgabe</text>
    <text xml:lang="ro">Implicit</text>
    <text xml:lang="fr">Valeur par défaut</text>
    <text xml:lang="pt">Valor por defeito</text>
    <text xml:lang="es">Por defecto</text>
    <text xml:lang="it">Valore di default</text>
    <text xml:lang="slv">Privzeta vrednost</text>
    <text xml:lang="sv">Standard</text>
    <text xml:lang="no">Standard</text>
    <text xml:lang="zh-tw">預設值</text>
    <text xml:lang="sr">Pretpostavljena vrednost</text>
    <text xml:lang="ja">初期値</text>
    <text xml:lang="pl">Wartość domyślna</text>
    <text xml:lang="hi">aparAdha</text>
    <text xml:lang="th">ค่าตั้งเริ่มต้น</text>
    <text xml:lang="nl">Defaultwaarde</text>
    <text xml:lang="ru">Величина по умолчанию</text>
    <text xml:lang="tr">Varsayılan</text>
    <text xml:lang="bg">Стойност по подразбиране</text>
    <text xml:lang="el">Προεπιλεγμένη τιμή</text>
    <text xml:lang="ca">Implícit</text>
  </entry>
  <entry>
    <key>Element</key>
    <text xml:lang="en">Element</text>
    <text xml:lang="de">Element</text>
    <text xml:lang="ro">Element</text>
    <text xml:lang="fr">Elément</text>
    <text xml:lang="pt">Elemento</text>
    <text xml:lang="es">Elemento</text>
    <text xml:lang="it">Elemento</text>
    <text xml:lang="slv">Element</text>
    <text xml:lang="sv">Element</text>
    <text xml:lang="no">Element</text>
    <text xml:lang="zh-tw">元素</text>
    <text xml:lang="sr">Element</text>
    <text xml:lang="ja">要素</text>
    <text xml:lang="pl">Element</text>
    <text xml:lang="hi">mUla</text>
    <text xml:lang="nl">Element</text>
    <text xml:lang="ru">Элемент</text>
    <text xml:lang="tr">Öğe</text>
    <text xml:lang="bg">Елемент</text>
    <text xml:lang="el">Στοιχείο</text>
    <text xml:lang="ca">Element</text>
  </entry>
  <entry>
    <key>Elements defined</key>
    <text xml:lang="en">Elements defined</text>
    <text xml:lang="de">Definierte Elemente</text>
    <text xml:lang="ro">Elemente definite</text>
    <text xml:lang="fr">Eléments définis</text>
    <text xml:lang="pt">Elementos definidos</text>
    <text xml:lang="es">Elementos definidos</text>
    <text xml:lang="it">Elementi definiti</text>
    <text xml:lang="slv">Definirani elementi</text>
    <text xml:lang="sv">Definierade element</text>
    <text xml:lang="no">Definerte elementer</text>
    <text xml:lang="zh-tw">被定義的元素</text>
    <text xml:lang="sr">Definisani elementi</text>
    <text xml:lang="ja">定義済み要素</text>
    <text xml:lang="pl">Zdefiniowane elementy</text>
    <text xml:lang="hi">Paribhasith Mula</text>
    <text xml:lang="th">ระบุเนื้อหา</text>
    <text xml:lang="nl">Gedefinieerde elementen</text>
    <text xml:lang="ru">Описанные элементы</text>
    <text xml:lang="tr">Tanımlı öğeler</text>
    <text xml:lang="bg">Описани елементи</text>
    <text xml:lang="el">Οριζόμενα στοιχεία</text>
    <text xml:lang="ca">Elements definits</text>
  </entry>
  <entry>
    <key>Example</key>
    <text xml:lang="en">Example</text>
    <text xml:lang="de">Beispiel</text>
    <text xml:lang="ro">Exemplu</text>
    <text xml:lang="fr">Exemple</text>
    <text xml:lang="pt">Exemplo</text>
    <text xml:lang="es">Ejemplo</text>
    <text xml:lang="it">Esempio</text>
    <text xml:lang="slv">Primer</text>
    <text xml:lang="sv">Exempel</text>
    <text xml:lang="no">Eksempel</text>
    <text xml:lang="zh-tw">例子</text>
    <text xml:lang="sr">Primer</text>
    <text xml:lang="ja">例</text>
    <text xml:lang="pl">Przykład</text>
    <text xml:lang="hi">udAharaNa</text>
    <text xml:lang="th">ตัวอย่าง</text>
    <text xml:lang="nl">Voorbeeld</text>
    <text xml:lang="ru">Пример</text>
    <text xml:lang="tr">Örnek</text>
    <text xml:lang="bg">Пример</text>
    <text xml:lang="el">Παράδειγμα</text>
    <text xml:lang="ca">Exemple</text>
  </entry>
  <entry>
    <key>Global attributes and those inherited from</key>
    <text xml:lang="en">Global attributes and those inherited from</text>
    <text xml:lang="de">Global gültige Attribute und solche ererbt von ...</text>
    <text xml:lang="ro">Atributele globale şi cele moştenite din</text>
    <text xml:lang="fr">Attributs globaux et hérités</text>
    <text xml:lang="pt">Atributos globais e herdados de...</text>
    <text xml:lang="it">Attributi globali e quelli ereditati da</text>
    <text xml:lang="slv">Globalni atributi in tisti, sprejeti iz</text>
    <text xml:lang="sv">Globala attribut samt de som ärvts från</text>
    <text xml:lang="no">Globale attributter og de som arves fra</text>
    <text xml:lang="zh-tw">全域屬性和從...繼承的屬性</text>
    <text xml:lang="sr">Globalni atributi i atributi koji se nasledjuju</text>
    <text xml:lang="ja">グローバル属性または継承した属性</text>
    <text xml:lang="pl">Atrybuty globalne i odziedziczone po...</text>
    <text xml:lang="hi">Vishva Guna Aur Jinmese Adhikara Paya</text>
    <text xml:lang="th">คุณสมบัติโดยรวมและที่เทียบโอนมา</text>
    <text xml:lang="nl">Globale attributen en attributen geërfd van</text>
    <text xml:lang="ru">Глобальные атрибуты и атрибуты, унаследованные от</text>
    <text xml:lang="tr">Genel ve ~'dan kalıtsal öznitelikler</text>
    <text xml:lang="bg">Глобални атрибути и атрибути, наследени от</text>
    <text xml:lang="el">Χαρακτηριστικά καθολικά και κληρονομικά από</text>
    <text xml:lang="ca">Atributs globals i aquells heretats de</text>
  </entry>
  <entry>
    <key>Global attributes only</key>
    <text xml:lang="en">Global attributes only</text>
    <text xml:lang="de">Nur global gültige Attribute</text>
    <text xml:lang="ro">Numai atributele globale</text>
    <text xml:lang="fr">Attributs globaux seulement</text>
    <text xml:lang="pt">Só atributos globais</text>
    <text xml:lang="es">Solo atributos globales</text>
    <text xml:lang="it">Solo attributi globali</text>
    <text xml:lang="slv">Samo globalni atributi</text>
    <text xml:lang="sv">Endast globala attribut</text>
    <text xml:lang="no">Kun globale attributter</text>
    <text xml:lang="zh-tw">僅全域屬性</text>
    <text xml:lang="sr">Isključivo globalni atributi</text>
    <text xml:lang="ja">グローバル属性のみ</text>
    <text xml:lang="pl">Wyłącznie atrybuty globalne</text>
    <text xml:lang="hi">Keval Vishva Guna</text>
    <text xml:lang="th">คุณสมบัติโดยรวมเท่านั้น</text>
    <text xml:lang="nl">Enkel globale attributen</text>
    <text xml:lang="ru">Только глобальные атрибуты</text>
    <text xml:lang="tr">Sadece genel öznitelikler</text>
    <text xml:lang="bg">Само глобални атрибути</text>
    <text xml:lang="el">Μόνο καθολικά χαρακτηριστικά</text>
    <text xml:lang="ca">Només atributs globals</text>
  </entry>
  <entry>
    <key>In addition to global attributes</key>
    <text xml:lang="en">In addition to global attributes</text>
    <text xml:lang="de">Neben global gültigen Attributen</text>
    <text xml:lang="ro">În plus faţă de atributele globale</text>
    <text xml:lang="fr">En complément des attributs globaux</text>
    <text xml:lang="pt">Para além de atributos globais</text>
    <text xml:lang="es">Además de los atributos globales</text>
    <text xml:lang="it">Oltre agli attributi globali</text>
    <text xml:lang="slv">Poleg globalnih atributov</text>
    <text xml:lang="sv">Förutom globala attribut</text>
    <text xml:lang="no">I tillegg til globale attributter</text>
    <text xml:lang="zh-tw">除全域屬性以外</text>
    <text xml:lang="sr">Pored globalnih atributa</text>
    <text xml:lang="ja">グローバル属性の他</text>
    <text xml:lang="pl">Oprócz atrybutów globalnych</text>
    <text xml:lang="hi">Vishva Guna Ke Alava</text>
    <text xml:lang="th">คุณสมบัติโดยรวมเพิ่มเติม</text>
    <text xml:lang="nl">Naast de globale attributen</text>
    <text xml:lang="ru">Вдобавок к глобальным атрибутам</text>
    <text xml:lang="tr">Genel özniteliklerden başka</text>
    <text xml:lang="bg">Освен глобалните атрибути</text>
    <text xml:lang="el">Πλήν των καθολικών χαρακτηριστικών</text>
    <text xml:lang="ca">A més dels atributs globals</text>
  </entry>
  <entry>
    <key>In addition to global attributes and those inherited from</key>
    <text xml:lang="en">In addition to global attributes and those inherited from</text>
    <text xml:lang="de">Neben global gültigen Attributen und solchen ererbt von ...</text>
    <text xml:lang="ro">În plus faţă de atributele globale şi de cele moştenite din</text>
    <text xml:lang="fr">En complément des attributs globaux et hérités</text>
    <text xml:lang="pt">Para além de atributos globais e herdados de...</text>
    <text xml:lang="it">Oltre agli attributi globali e a quelli ereditati da</text>
    <text xml:lang="slv">Poleg globalnih atributov in tistih, sprejetih iz</text>
    <text xml:lang="sv">Förutom globala attribut samt de som ärvts från</text>
    <text xml:lang="no">I tillegg til globale attributter og de som arves fra</text>
    <text xml:lang="zh-tw">除全域屬性和從...繼承的屬性以外</text>
    <text xml:lang="sr">Pored globalnih atributa i onih koji se nasledjuju</text>
    <text xml:lang="ja">グローバル属性または継承した属性の他</text>
    <text xml:lang="pl">Oprócz atrybutów globalnych i odziedziczonych
  po...</text>
    <text xml:lang="hi">Vishva Guna Ke Alava Aur Jinmese Adhikara Paya</text>
    <text xml:lang="th">คุณสมบัติโดยรวมและที่เทียบโอนมาเพิ่มเติม</text>
    <text xml:lang="nl">Naast de globale attributen en de attributen geërfd van</text>
    <text xml:lang="ru">Вдобавок к глобальным атрибутам и атрибутам, унаследованным от</text>
    <text xml:lang="tr">Genel ve ~'dan kalıtsal özniteliklerden başka</text>
    <text xml:lang="bg">Освен глобалните атрибути и атрибутите, наследени от</text>
    <text xml:lang="el">Πλήν τωνχαρακτηριστικών καθολικών και κληρονομικών από</text>
    <text xml:lang="ca">A més dels atributs globals i els heretats de</text>
  </entry>
  <entry>
    <key>Legal values are</key>
    <text xml:lang="en">Legal values are</text>
    <text xml:lang="de">Gültige Werte</text>
    <text xml:lang="ro">Valorile admise sunt</text>
    <text xml:lang="fr">Les valeurs autorisées sont</text>
    <text xml:lang="pt">Valores permitidos são</text>
    <text xml:lang="es">Los valores admitidos son</text>
    <text xml:lang="it">I valori legali sono</text>
    <text xml:lang="slv">Veljavne vrednosti so</text>
    <text xml:lang="sv">Tillåtna värden är</text>
    <text xml:lang="no">Lovlige verdier er</text>
    <text xml:lang="zh-tw">合法的值是</text>
    <text xml:lang="sr">Dozvoljene vrednosti su</text>
    <text xml:lang="ja">正当な値</text>
    <text xml:lang="pl">Dozwolone wartości to</text>
    <text xml:lang="hi">niyamAnukUla guNa Hai</text>
    <text xml:lang="th">คุณค่าทางกฎหมายคือ</text>
    <text xml:lang="nl">Geldige waarden zijn</text>
    <text xml:lang="ru">Разрешенные величины:</text>
    <text xml:lang="tr">Geçerli değerler:</text>
    <text xml:lang="bg">Разрешените стойности са</text>
    <text xml:lang="el">Οι νόμιμες τιμές είναι</text>
    <text xml:lang="ca">Els valors permesos són</text>
  </entry>
  <entry>
    <key>Macros defined</key>
    <text xml:lang="en">Macros defined</text>
    <text xml:lang="de">Definierte Makros</text>
    <text xml:lang="ro">Macrouri definite</text>
    <text xml:lang="fr">Macros définies</text>
    <text xml:lang="pt">Macros definidas</text>
    <text xml:lang="es">Macros definidas</text>
    <text xml:lang="it">Macro definite</text>
    <text xml:lang="slv">Definirani makri</text>
    <text xml:lang="sv">Definierade makron</text>
    <text xml:lang="no">Definerete makroer</text>
    <text xml:lang="zh-tw">被定義的巨指令</text>
    <text xml:lang="sr">Definisani makroi</text>
    <text xml:lang="ja">定義済みマクロ</text>
    <text xml:lang="pl">Zdefiniowane makra</text>
    <text xml:lang="th">โคร</text>
    <text xml:lang="nl">Gedefinieerde macro's</text>
    <text xml:lang="ru">Определенные макросы</text>
    <text xml:lang="tr">Tanımlı makrolar</text>
    <text xml:lang="bg">Дефинирани макроси</text>
    <text xml:lang="el">Οριζόμενες μακροεντολές</text>
    <text xml:lang="ca">Macros definides</text>
  </entry>
  <entry>
    <key>Mandatory when applicable</key>
    <text xml:lang="en">Mandatory when applicable</text>
    <text xml:lang="de">Obligatorisch wenn zutreffend</text>
    <text xml:lang="ro">Obligatoriu dacă se potriveşte</text>
    <text xml:lang="fr">Obligatoire quand applicable</text>
    <text xml:lang="pt">Obrigatório quando aplicável</text>
    <text xml:lang="es">Obligatorios cuando se aplican</text>
    <text xml:lang="it">Obbligatorio se applicabile</text>
    <text xml:lang="slv">Obvezen, če ustreza</text>
    <text xml:lang="sv">Obligatorisk om användbar</text>
    <text xml:lang="no">Obligatorisk når aktuelt</text>
    <text xml:lang="zh-tw">可應用時必備的</text>
    <text xml:lang="sr">Obavezan, ako se može primeniti</text>
    <text xml:lang="ja">使えるならば必須</text>
    <text xml:lang="pl">Obowiązkowe w stosownych przypadkach</text>
    <text xml:lang="hi">anivArya JaHa uchita</text>
    <text xml:lang="th">ต้องได้รับการอนุมัติเมื่อสมัครเรียน</text>
    <text xml:lang="nl">Verplicht indien van toepassing</text>
    <text xml:lang="ru">Обязательный, если применим</text>
    <text xml:lang="tr">Uygulanabilirse zorunlu</text>
    <text xml:lang="bg">Задължителен, ако е приложим</text>
    <text xml:lang="el">Υποχρεωτικός αν είναι εφαρμόσιμος</text>
    <text xml:lang="ca">Obligatoris quan siga possible</text>
  </entry>
  <entry>
    <key>Members</key>
    <text xml:lang="en">Members</text>
    <text xml:lang="de">Mitglieder</text>
    <text xml:lang="ro">Membri</text>
    <text xml:lang="fr">Membres</text>
    <text xml:lang="pt">Membros</text>
    <text xml:lang="es">Miembros</text>
    <text xml:lang="it">Membri</text>
    <text xml:lang="slv">Člani</text>
    <text xml:lang="sv">Medlemmar</text>
    <text xml:lang="no">Medlemmer</text>
    <text xml:lang="zh-tw">會員</text>
    <text xml:lang="sr">Članovi</text>
    <text xml:lang="ja">構成</text>
    <text xml:lang="pl">Członkowie</text>
    <text xml:lang="hi">sadasya</text>
    <text xml:lang="th">สมาชิก</text>
    <text xml:lang="nl">Leden</text>
    <text xml:lang="ru">Члены</text>
    <text xml:lang="tr">Üyeler</text>
    <text xml:lang="bg">Членове</text>
    <text xml:lang="el">Μέλη</text>
    <text xml:lang="ca">Membres</text>
  </entry>
  <entry>
    <key>Module</key>
    <text xml:lang="en">Module</text>
    <text xml:lang="de">Modul</text>
    <text xml:lang="ro">Modul</text>
    <text xml:lang="fr">Module</text>
    <text xml:lang="pt">Módulo</text>
    <text xml:lang="es">Módulo</text>
    <text xml:lang="it">Modulo</text>
    <text xml:lang="slv">Modul</text>
    <text xml:lang="sv">Modul</text>
    <text xml:lang="no">Modul</text>
    <text xml:lang="zh-tw">組件</text>
    <text xml:lang="sr">Modul</text>
    <text xml:lang="ja">モジュール</text>
    <text xml:lang="pl">Moduł</text>
    <text xml:lang="th">หลักสูตรการศึกษา</text>
    <text xml:lang="nl">Module</text>
    <text xml:lang="ru">Модуль</text>
    <text xml:lang="tr">Modül</text>
    <text xml:lang="bg">Модул</text>
    <text xml:lang="el">Στοιχείο</text>
    <text xml:lang="ca">Mòdul</text>
  </entry>
  <entry>
    <key>Note</key>
    <text xml:lang="en">Note</text>
    <text xml:lang="de">Anmerkung</text>
    <text xml:lang="ro">Notă</text>
    <text xml:lang="fr">Note</text>
    <text xml:lang="pt">Nota</text>
    <text xml:lang="es">Nota</text>
    <text xml:lang="it">Nota</text>
    <text xml:lang="slv">Opomba</text>
    <text xml:lang="sv">Notering</text>
    <text xml:lang="no">Note</text>
    <text xml:lang="zh-tw">註</text>
    <text xml:lang="sr">Napomena</text>
    <text xml:lang="ja">解説</text>
    <text xml:lang="pl">Uwagi</text>
    <text xml:lang="hi">lekha</text>
    <text xml:lang="th">หมายเหตุ</text>
    <text xml:lang="nl">Opmerking</text>
    <text xml:lang="ru">Примечание</text>
    <text xml:lang="tr">Not</text>
    <text xml:lang="bg">Забележка</text>
    <text xml:lang="el">Σχόλιο</text>
    <text xml:lang="ca">Nota</text>
  </entry>
  <entry>
    <key>Optional</key>
    <text xml:lang="en">Optional</text>
    <text xml:lang="de">Optional</text>
    <text xml:lang="ro">Opţional</text>
    <text xml:lang="fr">Optionel</text>
    <text xml:lang="pt">Opcional</text>
    <text xml:lang="es">Opcional</text>
    <text xml:lang="it">Opzionale</text>
    <text xml:lang="slv">Neobvezen</text>
    <text xml:lang="sv">Valfri</text>
    <text xml:lang="no">Valgfritt</text>
    <text xml:lang="zh-tw">非必備的</text>
    <text xml:lang="sr">Neobavezan</text>
    <text xml:lang="ja">任意</text>
    <text xml:lang="pl">Opcjonalny</text>
    <text xml:lang="hi">vaikalpika</text>
    <text xml:lang="th">ตัวเลือก</text>
    <text xml:lang="nl">Optioneel</text>
    <text xml:lang="ru">Факультативный</text>
    <text xml:lang="tr">Seçmeli</text>
    <text xml:lang="bg">Незадължителен</text>
    <text xml:lang="el">Προαιρετικός</text>
    <text xml:lang="ca">Opcional</text>
  </entry>
  <entry>
    <key>Recommended</key>
    <text xml:lang="en">Recommended</text>
    <text xml:lang="de">Empfohlen</text>
    <text xml:lang="ro">Recomandat</text>
    <text xml:lang="fr">Recommendé</text>
    <text xml:lang="pt">Recomendado</text>
    <text xml:lang="es">Recomendado</text>
    <text xml:lang="it">Consigliato</text>
    <text xml:lang="slv">Priporočen</text>
    <text xml:lang="sv">Rekommenderad</text>
    <text xml:lang="no">Anbefalt</text>
    <text xml:lang="zh-tw">推薦的</text>
    <text xml:lang="sr">Preporučen</text>
    <text xml:lang="ja">推薦される</text>
    <text xml:lang="pl">Zalecany</text>
    <text xml:lang="hi">svIkArniYa</text>
    <text xml:lang="th">คำแนะนำ</text>
    <text xml:lang="nl">Aanbevolen</text>
    <text xml:lang="ru">Рекомендуемый</text>
    <text xml:lang="tr">Önerilen</text>
    <text xml:lang="bg">Препоръчителен</text>
    <text xml:lang="el">Συστημένος</text>
    <text xml:lang="ca">Recomanat</text>
  </entry>
  <entry>
    <key>Required</key>
    <text xml:lang="en">Required</text>
    <text xml:lang="de">Obligatorisch</text>
    <text xml:lang="ro">Obligatoriu</text>
    <text xml:lang="fr">Requis</text>
    <text xml:lang="pt">Obrigatório</text>
    <text xml:lang="es">Necesario</text>
    <text xml:lang="it">Richiesto</text>
    <text xml:lang="slv">Zahtevan</text>
    <text xml:lang="sv">Nödvändig</text>
    <text xml:lang="no">Obligatorisk</text>
    <text xml:lang="zh-tw">必備的</text>
    <text xml:lang="sr">Tražen</text>
    <text xml:lang="ja">必須</text>
    <text xml:lang="pl">Wymagany</text>
    <text xml:lang="hi">Avashyaka</text>
    <text xml:lang="th">ต้องการข้อมูล</text>
    <text xml:lang="nl">Verplicht</text>
    <text xml:lang="ru">Обязательный</text>
    <text xml:lang="tr">Gerekli</text>
    <text xml:lang="bg">Задължителен</text>
    <text xml:lang="el">Απαραίτητος</text>
    <text xml:lang="ca">Requerit</text>
  </entry>
  <entry>
    <key>Required when applicable</key>
    <text xml:lang="en">Required when applicable</text>
    <text xml:lang="de">Vorgeschrieben wenn zutreffend</text>
    <text xml:lang="ro">Obligatoriu dacă se potriveşte</text>
    <text xml:lang="fr">Requis quand applicable</text>
    <text xml:lang="pt">Obrigatório quando aplicável</text>
    <text xml:lang="es">Necesario cuando se aplica</text>
    <text xml:lang="it">Richiesto se applicabile</text>
    <text xml:lang="slv">Zahtevan, če ustreza</text>
    <text xml:lang="sv">Nödvändig om användbar</text>
    <text xml:lang="no">Nødvendig når aktuelt</text>
    <text xml:lang="zh-tw">可應用時必備的</text>
    <text xml:lang="sr">Tražen, ako se može primeniti</text>
    <text xml:lang="ja">使えるならば必須</text>
    <text xml:lang="pl">Wymagany w stosownych przypadkach</text>
    <text xml:lang="hi">Avashyaka JaHa uchita</text>
    <text xml:lang="th">ต้องการข้อมูลเมื่อสมัคร</text>
    <text xml:lang="nl">Verplicht indien van toepassing</text>
    <text xml:lang="ru">Обязательный, если применим</text>
    <text xml:lang="tr">Uygulanabilirse gereken</text>
    <text xml:lang="bg">Задължителен, където е приложим</text>
    <text xml:lang="el">Απαραίτητος αν είναι εφαρμόσιμος</text>
    <text xml:lang="ca">Requerit quan siga possible</text>
  </entry>
  <entry>
    <key>Sample values include</key>
    <text xml:lang="en">Sample values include</text>
    <text xml:lang="de">Beispielwerte sind etwa</text>
    <text xml:lang="ro">De exemplu, valorile pot fi</text>
    <text xml:lang="fr">Exemple de valeurs possibles</text>
    <text xml:lang="pt">Exemplos de valores incluidos</text>
    <text xml:lang="es">Posibles valores</text>
    <text xml:lang="it">I valori esemplificativi includono</text>
    <text xml:lang="slv">Možne vrednosti so denimo</text>
    <text xml:lang="sv">Exempel på värden som kan inkluderas</text>
    <text xml:lang="no">Eksempler på mulige verdier er</text>
    <text xml:lang="zh-tw">實例值包含</text>
    <text xml:lang="sr">Neke moguće vrednosti su</text>
    <text xml:lang="ja">例としての値は以下の通り</text>
    <text xml:lang="pl">Przykładowe wartości obejmują</text>
    <text xml:lang="hi">misAla guNa mein Sammil Hai</text>
    <text xml:lang="th">รวมค่าตัวอย่าง</text>
    <text xml:lang="nl">Voorbeeldwaarden zijn onder meer</text>
    <text xml:lang="ru">Примерные величины включают</text>
    <text xml:lang="tr">Örnek değerler arasında</text>
    <text xml:lang="bg">Примерните стойности включват</text>
    <text xml:lang="el">Οι δειγματικές τιμές συμπεριλαμβάνουν</text>
    <text xml:lang="ca">Exemples de valors possibles</text>
  </entry>
  <entry>
    <key>Status</key>
    <text xml:lang="en">Status</text>
    <text xml:lang="de">Zustand</text>
    <text xml:lang="ro">Stare</text>
    <text xml:lang="fr">Statut</text>
    <text xml:lang="pt">Status</text>
    <text xml:lang="es">Estado</text>
    <text xml:lang="it">Stato</text>
    <text xml:lang="slv">Stanje</text>
    <text xml:lang="sv">Status</text>
    <text xml:lang="no">Status</text>
    <text xml:lang="zh-tw">狀態</text>
    <text xml:lang="sr">Status</text>
    <text xml:lang="ja">状態</text>
    <text xml:lang="pl">Status</text>
    <text xml:lang="th">สถานะ</text>
    <text xml:lang="nl">Status</text>
    <text xml:lang="ru">Состояние</text>
    <text xml:lang="tr">Durum</text>
    <text xml:lang="bg">Състояние</text>
    <text xml:lang="el">Κατάσταση</text>
    <text xml:lang="ca">Estat</text>
  </entry>
  <entry>
    <key>Suggested values include</key>
    <text xml:lang="en">Suggested values include</text>
    <text xml:lang="de">Empfohlene Werte sind</text>
    <text xml:lang="ro">Valori recomandate sunt</text>
    <text xml:lang="fr">Les valeurs suggérées comprennent</text>
    <text xml:lang="pt">Os valores sugeridos incluem</text>
    <text xml:lang="it">I valori suggeriti includono</text>
    <text xml:lang="slv">Priporočene vrednosti so denimo</text>
    <text xml:lang="sv">Förslag på värden som bör inkluderas</text>
    <text xml:lang="no">Eksempler på verdier som foreslås er</text>
    <text xml:lang="zh-tw">被推薦的值包含</text>
    <text xml:lang="sr">Preporučene vrednosti su</text>
    <text xml:lang="ja">提案する値は以下の通り</text>
    <text xml:lang="pl">Sugerowane wartości obejmują</text>
    <text xml:lang="hi">sujheeT guNa mein Sammil Hai</text>
    <text xml:lang="th">รวมค่าแนะนำ</text>
    <text xml:lang="nl">Voorgestelde waarden</text>
    <text xml:lang="ru">Рекомендуемые величины включают</text>
    <text xml:lang="tr">Önerilen değerler arasında</text>
    <text xml:lang="bg">Препоръчваните стойности включват</text>
    <text xml:lang="el">Οι συστημένες τιμές συμπεριλαμβάνουν</text>
    <text xml:lang="ca">Exemples de valors suggerits</text>
  </entry>
  <entry>
    <key>Values</key>
    <text xml:lang="en">Values</text>
    <text xml:lang="de">Werte</text>
    <text xml:lang="ro">Valori</text>
    <text xml:lang="fr">Valeurs</text>
    <text xml:lang="pt">Valores</text>
    <text xml:lang="es">Valores</text>
    <text xml:lang="it">Valori</text>
    <text xml:lang="slv">Vrednosti</text>
    <text xml:lang="sv">Värden</text>
    <text xml:lang="no">Verdier</text>
    <text xml:lang="zh-tw">值</text>
    <text xml:lang="sr">Vrednosti</text>
    <text xml:lang="ja">値</text>
    <text xml:lang="pl">Wartości</text>
    <text xml:lang="hi">guNa</text>
    <text xml:lang="nl">Waarden</text>
    <text xml:lang="ru">Величины</text>
    <text xml:lang="tr">Değerler</text>
    <text xml:lang="bg">Стойности</text>
    <text xml:lang="el">Τιμές</text>
    <text xml:lang="ca">Valors</text>
  </entry>
  <entry>
    <key>include</key>
    <text xml:lang="en">include</text>
    <text xml:lang="de">enthalten</text>
    <text xml:lang="ro">conţin</text>
    <text xml:lang="fr">inclure</text>
    <text xml:lang="pt">inclui (incluem)</text>
    <text xml:lang="es">incluir</text>
    <text xml:lang="it">include</text>
    <text xml:lang="slv">vsebuje</text>
    <text xml:lang="sv">inkludera</text>
    <text xml:lang="no">inkludere</text>
    <text xml:lang="zh-tw">包含</text>
    <text xml:lang="sr">uključuje</text>
    <text xml:lang="ja">含む</text>
    <text xml:lang="pl">włącz</text>
    <text xml:lang="hi">sammil</text>
    <text xml:lang="th">รวมถึง</text>
    <text xml:lang="nl">zijn onder meer</text>
    <text xml:lang="ru">включить</text>
    <text xml:lang="tr">içer</text>
    <text xml:lang="bg">включи</text>
    <text xml:lang="el">ενσωμάτωσης</text>
    <text xml:lang="ca">inclou</text>
  </entry>
  <entry>
    <key>appendixWords</key>
    <text xml:lang="en">Appendix</text>
    <text xml:lang="de">Anhang</text>
    <text xml:lang="ro">Apendice</text>
    <text xml:lang="fr">Annexe</text>
    <text xml:lang="pt">Apêndice</text>
    <text xml:lang="es">Apéndice</text>
    <text xml:lang="it">Appendice</text>
    <text xml:lang="slv">Dodatek</text>
    <text xml:lang="sv">Bilaga</text>
    <text xml:lang="no">Vedlegg</text>
    <text xml:lang="zh-tw">附錄</text>
    <text xml:lang="sr">Dodatak</text>
    <text xml:lang="ja">付録</text>
    <text xml:lang="pl">Dodatek</text>
    <text xml:lang="hi">Atirikta</text>
    <text xml:lang="th">ภาคผนวก</text>
    <text xml:lang="nl">Appendix</text>
    <text xml:lang="ru">Приложение</text>
    <text xml:lang="tr">Ek</text>
    <text xml:lang="bg">Приложение</text>
    <text xml:lang="el">Παράρτημα</text>
    <text xml:lang="ca">Apèndix</text>
  </entry>
  <entry>
    <key>authorWord</key>
    <text xml:lang="en">Author</text>
    <text xml:lang="de">Autor</text>
    <text xml:lang="ro">Autor</text>
    <text xml:lang="fr">Auteur</text>
    <text xml:lang="pt">Autor</text>
    <text xml:lang="es">Autor</text>
    <text xml:lang="it">Autore</text>
    <text xml:lang="slv">Avtor</text>
    <text xml:lang="sv">Författare</text>
    <text xml:lang="no">Forfatter</text>
    <text xml:lang="zh-tw">作者</text>
    <text xml:lang="sr">Autor</text>
    <text xml:lang="ja">著者</text>
    <text xml:lang="pl">Autor</text>
    <text xml:lang="hi">Lekhaka</text>
    <text xml:lang="th">ผู้แต่ง</text>
    <text xml:lang="nl">Auteur</text>
    <text xml:lang="ru">Автор</text>
    <text xml:lang="tr">Yazar</text>
    <text xml:lang="bg">Автор</text>
    <text xml:lang="el">Δημιουργός</text>
    <text xml:lang="ca">Autor</text>
  </entry>
  <entry>
    <key>biblioWords</key>
    <text xml:lang="en">Bibliography</text>
    <text xml:lang="de">Bibliographie</text>
    <text xml:lang="ro">Bibliografie</text>
    <text xml:lang="fr">Bibliographie</text>
    <text xml:lang="pt">Bibiografia</text>
    <text xml:lang="es">Bibliografía</text>
    <text xml:lang="it">Bibliografia</text>
    <text xml:lang="slv">Bibliografija</text>
    <text xml:lang="sv">Bibliografi</text>
    <text xml:lang="no">Bibliografi</text>
    <text xml:lang="zh-tw">參考書目</text>
    <text xml:lang="sr">Bibliografija</text>
    <text xml:lang="ja">目録</text>
    <text xml:lang="pl">Bibliografia</text>
    <text xml:lang="hi">Bibliography</text>
    <text xml:lang="th">บรรณานุกรม</text>
    <text xml:lang="nl">Bibliografie</text>
    <text xml:lang="ru">Библиография</text>
    <text xml:lang="tr">Bibliyografya</text>
    <text xml:lang="bg">Литература</text>
    <text xml:lang="el">Βιβλιογραφία</text>
    <text xml:lang="ca">Bibliografia</text>
  </entry>
  <entry>
    <key>contentsHeading</key>
    <text xml:lang="en">Sections in this document:</text>
    <text xml:lang="de">Abschnitte in diesem Dokument:</text>
    <text xml:lang="ro">Capitolele acestui document:</text>
    <text xml:lang="fr">Sections de ce document:</text>
    <text xml:lang="pt">Índice geral:</text>
    <text xml:lang="es">Secciones en este documento:</text>
    <text xml:lang="it">Sommario di questo documento:</text>
    <text xml:lang="slv">Razdelki v tem dokumentu:</text>
    <text xml:lang="sv">Sektioner i detta dokument</text>
    <text xml:lang="no">Deler i dette dokumentet:</text>
    <text xml:lang="zh-tw">本文章節:</text>
    <text xml:lang="sr">Odeljci u ovom dokumentu:</text>
    <text xml:lang="ja">表題</text>
    <text xml:lang="pl">Sekcje zawarte w bieżącym dokumencie:</text>
    <text xml:lang="th">บทในเอกสารนี้</text>
    <text xml:lang="nl">Onderdelen van dit document:</text>
    <text xml:lang="ru">Разделы в этом документе:</text>
    <text xml:lang="tr">Bu belgenin bölümleri:</text>
    <text xml:lang="bg">Раздели в този документ:</text>
    <text xml:lang="el">Τμήματα αυτού του εγγράφου:</text>
    <text xml:lang="ca">Seccions en aquest document:</text>
  </entry>
  <entry>
    <key>contentsWord</key>
    <text xml:lang="en">Contents</text>
    <text xml:lang="de">Inhalt</text>
    <text xml:lang="ro">Cuprins</text>
    <text xml:lang="fr">Contenu</text>
    <text xml:lang="pt">Índice geral</text>
    <text xml:lang="es">Contenidos</text>
    <text xml:lang="slv">Vsebina</text>
    <text xml:lang="sv">Innehåll</text>
    <text xml:lang="no">Innhold</text>
    <text xml:lang="zh-tw">內容</text>
    <text xml:lang="sr">Sadržaj</text>
    <text xml:lang="ja">目次</text>
    <text xml:lang="pl">Spis treści</text>
    <text xml:lang="hi">Mula Shabda</text>
    <text xml:lang="th">เนื้อหา</text>
    <text xml:lang="nl">Inhoud</text>
    <text xml:lang="ru">Оглавление</text>
    <text xml:lang="tr">İçerik</text>
    <text xml:lang="bg">Съдържание</text>
    <text xml:lang="el">Περιεχόμενα</text>
    <text xml:lang="ca">Índex general</text>
  </entry>
  <entry>
    <key>dateWord</key>
    <text xml:lang="en">Date</text>
    <text xml:lang="de">Datum</text>
    <text xml:lang="ro">Data</text>
    <text xml:lang="fr">Date</text>
    <text xml:lang="pt">Data</text>
    <text xml:lang="es">Fecha</text>
    <text xml:lang="it">Data</text>
    <text xml:lang="slv">Datum</text>
    <text xml:lang="sv">Datum</text>
    <text xml:lang="no">Dato</text>
    <text xml:lang="zh-tw">日期</text>
    <text xml:lang="sr">Datum</text>
    <text xml:lang="ja">日付</text>
    <text xml:lang="pl">Data</text>
    <text xml:lang="hi">Tarikha</text>
    <text xml:lang="th">วันที่</text>
    <text xml:lang="nl">Datum</text>
    <text xml:lang="ru">Дата</text>
    <text xml:lang="tr">Tarih</text>
    <text xml:lang="bg">Дата</text>
    <text xml:lang="el">Ημερομηνία</text>
    <text xml:lang="ca">Dataa</text>
  </entry>
  <entry>
    <key>feedbackWords</key>
    <text xml:lang="en">Feedback</text>
    <text xml:lang="de">Kommentare</text>
    <text xml:lang="ro">Retur</text>
    <text xml:lang="fr">Commentaires</text>
    <text xml:lang="pt">Comentários</text>
    <text xml:lang="es">Comentarios</text>
    <text xml:lang="it">Commenti e suggerimenti</text>
    <text xml:lang="slv">Odzivi</text>
    <text xml:lang="sv">Kommentarer</text>
    <text xml:lang="no">Kommentarer</text>
    <text xml:lang="zh-tw">回饋</text>
    <text xml:lang="sr">Komentari</text>
    <text xml:lang="ja">ご意見・ご感想</text>
    <text xml:lang="pl">Komentarze</text>
    <text xml:lang="hi">Tippani</text>
    <text xml:lang="th">ตอบกลับ</text>
    <text xml:lang="nl">Feedback</text>
    <text xml:lang="ru">Отзывы</text>
    <text xml:lang="tr">Geri besleme</text>
    <text xml:lang="bg">Коментари</text>
    <text xml:lang="el">Γνώμες</text>
    <text xml:lang="ca">Comentaris</text>
  </entry>
  <entry>
    <key>figureWord</key>
    <text xml:lang="en">Figure</text>
    <text xml:lang="de">Abbildung</text>
    <text xml:lang="ro">Figura</text>
    <text xml:lang="fr">Figure</text>
    <text xml:lang="pt">Figura</text>
    <text xml:lang="es">Imagen</text>
    <text xml:lang="it">Figura</text>
    <text xml:lang="slv">Slika</text>
    <text xml:lang="sv">Figur</text>
    <text xml:lang="no">Figur</text>
    <text xml:lang="zh-tw">圖表</text>
    <text xml:lang="sr">Slika</text>
    <text xml:lang="ja">図</text>
    <text xml:lang="pl">Rysunek</text>
    <text xml:lang="hi">Chitr</text>
    <text xml:lang="th">ภาพ</text>
    <text xml:lang="nl">Afbeelding</text>
    <text xml:lang="ru">Фигура</text>
    <text xml:lang="tr">Şekil</text>
    <text xml:lang="bg">Фигура</text>
    <text xml:lang="el">Σχήμα</text>
    <text xml:lang="ca">Figura</text>
  </entry>
  <entry>
    <key>figureWords</key>
    <text xml:lang="en">Figures</text>
    <text xml:lang="de">Abbildungen</text>
    <text xml:lang="ro">Figuri</text>
    <text xml:lang="fr">Figures</text>
    <text xml:lang="pt">Figuras</text>
    <text xml:lang="es">Imágenes</text>
    <text xml:lang="it">Figure</text>
    <text xml:lang="slv">Slike</text>
    <text xml:lang="sv">Figurer</text>
    <text xml:lang="no">Figurer</text>
    <text xml:lang="zh-tw">圖表</text>
    <text xml:lang="sr">Slike</text>
    <text xml:lang="ja">図</text>
    <text xml:lang="pl">Rysunki</text>
    <text xml:lang="hi">Chitr</text>
    <text xml:lang="th">ภาพ</text>
    <text xml:lang="nl">Afbeeldingen</text>
    <text xml:lang="ru">Фигуры</text>
    <text xml:lang="tr">Şekiller</text>
    <text xml:lang="bg">Фигури</text>
    <text xml:lang="el">Σχήματα</text>
    <text xml:lang="ca">Figures</text>
  </entry>
  <entry>
    <key>nextWord</key>
    <text xml:lang="en">Next</text>
    <text xml:lang="de">Nächstes</text>
    <text xml:lang="ro">Următorul</text>
    <text xml:lang="fr">Suivant</text>
    <text xml:lang="pt">Seguinte</text>
    <text xml:lang="es">Siguiente</text>
    <text xml:lang="it">Seguente</text>
    <text xml:lang="slv">Naslednji</text>
    <text xml:lang="sv">Nästa</text>
    <text xml:lang="no">Neste</text>
    <text xml:lang="zh-tw">下一頁</text>
    <text xml:lang="sr">Sledeći</text>
    <text xml:lang="ja">次</text>
    <text xml:lang="pl">Następny</text>
    <text xml:lang="hi">Agala</text>
    <text xml:lang="th">ต่อไป</text>
    <text xml:lang="nl">Volgende</text>
    <text xml:lang="ru">Следующий</text>
    <text xml:lang="tr">Sonraki</text>
    <text xml:lang="bg">Следващ</text>
    <text xml:lang="el">Επόμενος</text>
    <text xml:lang="ca">Següent</text>
  </entry>
  <entry>
    <key>noteHeading</key>
    <text xml:lang="en">Notes</text>
    <text xml:lang="de">Noten</text>
    <text xml:lang="ro">Note</text>
    <text xml:lang="fr">Notes</text>
    <text xml:lang="pt">Nota</text>
    <text xml:lang="es">Notas</text>
    <text xml:lang="it">Note</text>
    <text xml:lang="slv">Opombe</text>
    <text xml:lang="sv">Noteringar</text>
    <text xml:lang="no">Noter</text>
    <text xml:lang="zh-tw">註解</text>
    <text xml:lang="sr">Napomene</text>
    <text xml:lang="ja">注釈</text>
    <text xml:lang="pl">Uwagi</text>
    <text xml:lang="hi">Dhyan</text>
    <text xml:lang="th">หมายเหตุ</text>
    <text xml:lang="nl">Opmerkingen</text>
    <text xml:lang="ru">Примечания</text>
    <text xml:lang="tr">Notlar</text>
    <text xml:lang="bg">Забележки</text>
    <text xml:lang="el">Σχόλια</text>
    <text xml:lang="ca">Notes</text>
  </entry>
  <entry>
    <key>previousWord</key>
    <text xml:lang="en">Previous</text>
    <text xml:lang="de">Vorheriges</text>
    <text xml:lang="ro">Precedentul</text>
    <text xml:lang="fr">Précédent</text>
    <text xml:lang="pt">Prévio</text>
    <text xml:lang="es">Anterior</text>
    <text xml:lang="it">Precedente</text>
    <text xml:lang="slv">Prejšnji</text>
    <text xml:lang="sv">Föregående</text>
    <text xml:lang="no">Forrige</text>
    <text xml:lang="zh-tw">上一頁</text>
    <text xml:lang="sr">Prethodni</text>
    <text xml:lang="ja">前</text>
    <text xml:lang="pl">Poprzedni</text>
    <text xml:lang="hi">Purva"</text>
    <text xml:lang="nl">Vorige</text>
    <text xml:lang="ru">Предыдущий</text>
    <text xml:lang="tr">Önceki</text>
    <text xml:lang="bg">Предходен</text>
    <text xml:lang="el">Προηγούμενος</text>
    <text xml:lang="ca">Anterior</text>
  </entry>

  <entry>
    <key>revisedWord</key>
    <text xml:lang="en">revised</text>
    <text xml:lang="de">überarbeitet</text>
    <text xml:lang="ro">revăzut</text>
    <text xml:lang="fr">révisé</text>
    <text xml:lang="pt">revisto</text>
    <text xml:lang="es">Revisado</text>
    <text xml:lang="it">revisionato</text>
    <text xml:lang="slv">dopolnjeno</text>
    <text xml:lang="sv">Ändrad</text>
    <text xml:lang="no">Revidert</text>
    <text xml:lang="zh-tw">修訂</text>
    <text xml:lang="sr">izmenjeno</text>
    <text xml:lang="ja">改訂</text>
    <text xml:lang="pl">poprawione</text>
    <text xml:lang="hi">duharAnA</text>
    <text xml:lang="th">ทบทวน</text>
    <text xml:lang="nl">herzien</text>
    <text xml:lang="ru">Пересмотрено</text>
    <text xml:lang="tr">Düzeltilmiş</text>
    <text xml:lang="bg">Променено</text>
    <text xml:lang="el">Μετάβλητο</text>
    <text xml:lang="ca">Revisat</text>
  </entry>
  <entry>
    <key>searchWords</key>
    <text xml:lang="en">Search</text>
    <text xml:lang="de">Suche</text>
    <text xml:lang="ro">Caută</text>
    <text xml:lang="fr">Recherche</text>
    <text xml:lang="pt">Pesquisa</text>
    <text xml:lang="es">Buscar</text>
    <text xml:lang="it">Cerca</text>
    <text xml:lang="slv">Iskanje</text>
    <text xml:lang="sv">Sök</text>
    <text xml:lang="no">Sok</text>
    <text xml:lang="zh-tw">搜尋</text>
    <text xml:lang="sr">Pretraga</text>
    <text xml:lang="ja">検索</text>
    <text xml:lang="pl">Szukaj</text>
    <text xml:lang="hi">Khoj</text>
    <text xml:lang="th">ค้นหา</text>
    <text xml:lang="nl">Zoeken</text>
    <text xml:lang="ru">Поиск</text>
    <text xml:lang="tr">Ara</text>
    <text xml:lang="bg">Търси</text>
    <text xml:lang="el">Ψάχνε</text>
    <text xml:lang="ca">Cercar</text>
  </entry>
  <entry>
    <key>tableWord</key>
    <text xml:lang="en">Table</text>
    <text xml:lang="de">Tabelle</text>
    <text xml:lang="ro">Tabel</text>
    <text xml:lang="fr">Table</text>
    <text xml:lang="pt">Tabela</text>
    <text xml:lang="es">Tabla</text>
    <text xml:lang="it">Tavola</text>
    <text xml:lang="slv">Tabela</text>
    <text xml:lang="sv">Tabell</text>
    <text xml:lang="no">Tabell</text>
    <text xml:lang="zh-tw">表格</text>
    <text xml:lang="sr">Tabela</text>
    <text xml:lang="ja">表</text>
    <text xml:lang="pl">Tabela</text>
    <text xml:lang="hi">Patti</text>
    <text xml:lang="th">ตาราง</text>
    <text xml:lang="nl">Tabel</text>
    <text xml:lang="ru">Таблица</text>
    <text xml:lang="tr">Tablo</text>
    <text xml:lang="bg">Таблица</text>
    <text xml:lang="el">Πίνακας</text>
    <text xml:lang="ca">Taula</text>
  </entry>
  <entry>
    <key>tableWords</key>
    <text xml:lang="en">Tables</text>
    <text xml:lang="de">Tabellen</text>
    <text xml:lang="ro">Tabele</text>
    <text xml:lang="fr">Tables</text>
    <text xml:lang="pt">Tabelas</text>
    <text xml:lang="es">Tablas</text>
    <text xml:lang="it">Tavole</text>
    <text xml:lang="slv">Tabele</text>
    <text xml:lang="sv">Tabeller</text>
    <text xml:lang="no">Tabeller</text>
    <text xml:lang="zh-tw">表格</text>
    <text xml:lang="sr">Tabele</text>
    <text xml:lang="ja">表</text>
    <text xml:lang="pl">Tabele</text>
    <text xml:lang="hi">Pattiya</text>
    <text xml:lang="th">คาราง</text>
    <text xml:lang="nl">Tabellen</text>
    <text xml:lang="ru">Таблицы</text>
    <text xml:lang="tr">Tablolar</text>
    <text xml:lang="bg">Таблици</text>
    <text xml:lang="el">Πίνακες</text>
    <text xml:lang="ca">Taules</text>
  </entry>
  <entry>
    <key>tocWords</key>
    <text xml:lang="en">Table of contents</text>
    <text xml:lang="de">Inhalt</text>
    <text xml:lang="ro">Cuprins</text>
    <text xml:lang="fr">Contenu</text>
    <text xml:lang="pt">Índice geral</text>
    <text xml:lang="es">Índice</text>
    <text xml:lang="it">Indice</text>
    <text xml:lang="slv">Kazalo</text>
    <text xml:lang="sv">Innehåll</text>
    <text xml:lang="no">Innhold</text>
    <text xml:lang="zh-tw">內容</text>
    <text xml:lang="sr">Sadržaj</text>
    <text xml:lang="ja">目次</text>
    <text xml:lang="pl">Spis treści</text>
    <text xml:lang="hi">mula</text>
    <text xml:lang="th">สารบัญ</text>
    <text xml:lang="nl">Inhoud</text>
    <text xml:lang="ru">Оглавление</text>
    <text xml:lang="tr">İçerik</text>
    <text xml:lang="bg">Съдържание</text>
    <text xml:lang="el">Περιεχόμενα</text>






    <text xml:lang="ca">Índice general</text>
  </entry>
  <entry>
    <key>upWord</key>
    <text xml:lang="en">Up</text>
    <text xml:lang="de">Aufwärts</text>
    <text xml:lang="ro">Sus</text>
    <text xml:lang="fr">Haut</text>
    <text xml:lang="pt">Topo</text>
    <text xml:lang="es">Arriba</text>
    <text xml:lang="it">Su</text>
    <text xml:lang="slv">Gor</text>
    <text xml:lang="sv">Upp</text>
    <text xml:lang="no">Opp</text>
    <text xml:lang="zh-tw">往上</text>
    <text xml:lang="sr">Gore</text>
    <text xml:lang="ja">上</text>
    <text xml:lang="pl">W górę</text>
    <text xml:lang="hi">Upara Shabda</text>
    <text xml:lang="th">ไปข้างบน</text>
    <text xml:lang="nl">Hoger</text>
    <text xml:lang="ru">Вверх</text>
    <text xml:lang="tr">Yukarı</text>
    <text xml:lang="bg">Нагоре</text>
    <text xml:lang="el">Ανω</text>
    <text xml:lang="ca">Amunt</text>
  </entry>

  <entry>
    <key>appearsintheoriginalas</key>
    <text xml:lang="en">Appears in the original as</text>
    <text xml:lang="es">Aparece en el original como</text>
    <text xml:lang="ca">Apareix en l'original com</text>
  </entry>

  <entry>
    <key>shouldbereadas</key>
    <text xml:lang="en">Should be read as</text>
    <text xml:lang="es">Debería leerse como</text>
    <text xml:lang="ca">S'hi hauria de llegir</text>
  </entry>  

  <entry>
    <key>page</key>
    <text xml:lang="en">Page</text>
    <text xml:lang="es">Página</text>
    <text xml:lang="ca">Pàgina</text>
  </entry>

   <entry>
    <key>asfoundin</key>
    <text xml:lang="en">As found in</text>
    <text xml:lang="es">Tal como se encuentra en</text>
    <text xml:lang="ca">Tal com es troba en</text>
  </entry>

  <entry>
    <key>otherreadings</key>
    <text xml:lang="en">Other readings</text>
    <text xml:lang="es">Otras lecturas</text>
    <text xml:lang="ca">D'altres lectures</text>
  </entry>

<entry>
    <key>homeWord</key>
    <text xml:lang="en">Home</text>
    <text xml:lang="fr">Accueil</text>
    <text xml:lang="pl">Strona główna</text>
    <text xml:lang="sw">Hem</text> 
    <text xml:lang="th">หน้าแรก</text>
    <text xml:lang="de">Anfang</text>
    <text xml:lang="pt">Página inicial</text>
    <text xml:lang="ja">ホーム</text>
    <text xml:lang="sl">Domov</text>
    <text xml:lang="zh-tw">首頁</text>
    <text xml:lang="no">Hjem</text>    
    <text xml:lang="ro">Acasă</text>
    <text xml:lang="it">Home</text>

  </entry>

  <entry>
    <key>Used by</key>
    <text xml:lang="en">Used by</text>
    <text xml:lang="pl">Użyto w</text>
    <text xml:lang="sw">Används av</text>
    <text xml:lang="de">Verwendet von</text>
    <text xml:lang="pt">Usado por</text>
    <text xml:lang="no">Brukt av</text>
    <text xml:lang="sl">Uporabljen v</text>
    <text xml:lang="ja">当該モジュールを使用するもの</text>
    <text xml:lang="zh-tw">屬於</text> 
    <text xml:lang="th">ใช้โดย</text>
    <text xml:lang="ro">Folosit de</text>
    <text xml:lang="fr">Utilisé par</text>
    <text xml:lang="it">Usato da</text>
  </entry>

  <entry>
    <key>May contain</key>
    <text xml:lang="en">May contain</text>
    <text xml:lang="pl">Może zawierać</text>
    <text xml:lang="sw">Kan innehålla</text>
    <text xml:lang="de">Kann enthalten</text>
    <text xml:lang="pt">Pode conter</text>  
    <text xml:lang="th">ประกอบด้วย</text>  
    <text xml:lang="ja">下位</text>
    <text xml:lang="sl">Lahko vsebuje</text>
    <text xml:lang="zh-tw">可包含</text>
    <text xml:lang="no">Kan inneholde</text>
    <text xml:lang="ro">Poate conţine</text>
    <text xml:lang="fr">Peut contenir</text>
    <text xml:lang="it">Può contenere</text>
  </entry>

  <entry>
    <key>Contained by</key>	
    <text xml:lang="ro">Conţinut de</text>
    <text xml:lang="en">Contained by</text>
    <text xml:lang="pl">Zawiera się w</text>
    <text xml:lang="sw">Ingår i</text>
    <text xml:lang="de">Enthalten in</text>
    <text xml:lang="pt">Contido em</text>    
    <text xml:lang="sl">Vsebovan v</text>
    <text xml:lang="ja">上位</text>
    <text xml:lang="zh-tw">可包含在於</text> 
    <text xml:lang="no">Er en del av</text>
    <text xml:lang="th">บรรจุอยู่ใน</text>
    <text xml:lang="fr">Contenu dans</text>
    <text xml:lang="it">Contenuto in</text> 
  </entry>

  
  <entry>
    <key>Compact to XML format</key>
    <text xml:lang="en">Compact to XML format</text>
    <text xml:lang="fr">Transformer en syntaxe compact</text>
    <text xml:lang="zh-tw">簡潔式轉到XML式</text>
    <text xml:lang="it">Compatta in formato XML</text>
    <text xml:lang="pt">De Compact para formato XML</text> 
    <text xml:lang="ja">XML表記</text>

  </entry>

  <entry>
    <key>XML format to compact</key>
    <text xml:lang="en">XML format to compact</text>
    <text xml:lang="fr">Transformer en syntaxe XML</text>
    <text xml:lang="zh-tw">XML式轉到簡潔式</text>
    <text xml:lang="it">Formato XML da compattare</text>
    <text xml:lang="pt">De formato XML para Compact</text> 
    <text xml:lang="ja">簡易表記</text>
  </entry>

  <entry>
    <key>Empty element</key>
    <text xml:lang="en">Empty element</text>
    <text xml:lang="fr">Elément vide</text>
    <text xml:lang="zh-tw">空白元素</text>
    <text xml:lang="it">Elemento vuoto</text>
    <text xml:lang="pt">Elemento vazio</text>
    <text xml:lang="ja">空要素</text>
  </entry>

  <entry>
    <key>Character data only</key>
    <text xml:lang="en">Character data only</text>
    <text xml:lang="fr">Des données textuelles uniquement</text>
    <text xml:lang="zh-tw">僅文字符號資料</text>
    <text xml:lang="it">Ammessi soltanto caratteri di testo</text>
    <text xml:lang="ja">文字データのみ</text>
  </entry>

  <entry>
    <key>separated by whitespace</key>
    <text xml:lang="en">separated by whitespace</text>
    <text xml:lang="fr">séparé par un espace</text>
    <text xml:lang="zh-tw">以空白鍵隔開</text>
    <text xml:lang="it">separato da spazio bianco</text>
    <text xml:lang="pt">separado por espaços</text> 
    <text xml:lang="ja">空白文字で区切られる</text>
  </entry> 
  
  <entry>
    <key>Text body</key>
    <text xml:lang="en">Text body</text>
    <text xml:lang="fr">Corps du texte</text>
    <text xml:lang="zh-tw">正文</text>
    <text xml:lang="it">Corpo del testo</text>
    <text xml:lang="pt">Texto</text> 
    <text xml:lang="ja">本文</text>
  </entry> 
  
  <entry>
    <key>Back Matter</key>
    <text xml:lang="en">Back Matter</text>
    <text xml:lang="fr">Annexes</text>
    <text xml:lang="zh-tw">正文後資訊</text>
    <text xml:lang="ja">後付</text>
    <text xml:lang="it">Sezioni conclusive</text>
    <text xml:lang="pt">Anexos</text> 
  </entry> 
  
  <entry>
    <key>Front Matter</key>
    <text xml:lang="en">Front Matter</text>
    <text xml:lang="fr">Pièces liminaires</text>
    <text xml:lang="zh-tw">正文前資訊</text>
    <text xml:lang="it">Sezioni preliminari</text>
    <text xml:lang="pt">Front Matter</text> 
    <text xml:lang="ja">前付</text>
  </entry> 
  
  <entry>
    <key>Getting the most recent version</key>
    <text xml:lang="en">Getting the most recent version</text>
    <text xml:lang="fr">Obtenir la dernière version</text>
    <text xml:lang="zh-tw">取得最新版本</text>
    <text xml:lang="it">Otteni la versione più recente</text>
<text xml:lang="pt">Como obter a versão mais recente</text> 
  </entry> 
  
  <entry>
    <key>Sourceforge Subversion Repository</key>
    <text xml:lang="en">Sourceforge Subversion Repository</text>
    <text xml:lang="fr">Répertoire Subversion dans Sourceforge</text>
    <text xml:lang="zh-tw">P5原始檔典藏@Sourceforge</text>
    <text xml:lang="it">Sourceforge Subversion Repository</text>
<text xml:lang="pt">Sourceforge Subversion Repository</text> 
  </entry>
  
  <entry>
    <key>BugsFeatures</key>
    <text xml:lang="en">Bug Reports, Feature Requests, etc.</text>
    <text xml:lang="fr">Rapports d'erreurs, demandes de
    modifications etc</text>
    <text xml:lang="zh-tw">錯誤回報、功能要求等等。</text>
    <text xml:lang="it">Liste di bug, Richieste di nuove funzionalità,
    etc.</text>
<text xml:lang="pt">Relatório de Erros, Pedidos de Modificaçoes, etc.</text> 
  </entry> 
  
  <entry>
    <key>Some Popular Sections</key>
    <text xml:lang="en">Some Popular Sections</text>
    <text xml:lang="fr">Parties les plus visitées</text>
    <text xml:lang="zh-tw">一些受歡迎的章節</text>
    <text xml:lang="it">Alcune fra le sezioni più richieste</text>
    <text xml:lang="pt">Algumas Secçoes Populares</text> 
  </entry>
  
  <entry>
    <key>GuidelinesTEI</key>
    <text xml:lang="ja">TEIガイドライン</text>
    <text xml:lang="en">Guidelines
    for Electronic Text Encoding and Interchange</text>
    <text xml:lang="fr">Principes directeurs pour l'encodage et l'échange
    de textes électroniques</text>
    <text xml:lang="zh-tw">TEI指引</text>
    <text xml:lang="it">Linee guida per la codifica e l'interscambio
    del testo elettronico</text>
    <text xml:lang="pt">Instruçoes para Electronic Text Encoding and Interchange</text> 
  </entry> 
  
  <entry>
    <key>edited by</key>
    <text xml:lang="en">edited by</text>
    <text xml:lang="fr">édité par</text>
    <text xml:lang="zh-tw">編輯者：</text>
    <text xml:lang="it">edito da</text>
    <text xml:lang="pt">editado por</text> 
    <text xml:lang="ja">監修</text>
  </entry>
  <entry>
    <key>Versions of the Guidelines</key>
    <text xml:lang="en">Versions of the Guidelines</text>
    <text xml:lang="fr">Versions des Principes directeurs</text>
    <text xml:lang="zh-tw">指引版本</text>
    <text xml:lang="it">Versioni delle Linee guida</text>
    <text xml:lang="pt">Versoes das instruçoes</text> 
  </entry>

  <entry>
    <key>Sorted alphabetically</key>
    <text xml:lang="en">Sorted alphabetically</text>
    <text xml:lang="it">In ordine alfabetico</text>
    <text xml:lang="zh-tw">按羅馬字母排序</text>
    <text xml:lang="fr">Trié alphabétiquement</text> 
    <text xml:lang="pt">Ordenado alfabeticamente</text> 
    <text xml:lang="ja">アルファベット順</text>
  </entry>
  
  <entry>
    <key>Show all</key>
    <text xml:lang="en">Show all</text>
    <text xml:lang="it">Mostra tutto</text>
    <text xml:lang="zh-tw">全部顯示</text>
    <text xml:lang="fr">Toute la liste</text> 
    <text xml:lang="pt">Mostre tudo</text> 
    <text xml:lang="ja">一括表示</text>
  </entry>
  
  <entry>
    <key>Show by module</key>
    <text xml:lang="en">Show by module</text>
    <text xml:lang="it">Mostra modulo per modulo</text>
    <text xml:lang="zh-tw">按模組顯示</text>
    <text xml:lang="fr">Par module</text> 
    <text xml:lang="pt">Mostre por módulo</text> 
    <text xml:lang="ja">モジュール別表示</text>
  </entry>

  <entry>
    <key>occurrences of</key>
    <text xml:lang="en">occurrences of</text>
  </entry>

</i18n>
